age,height,resting_bpm,session_duration,calories_burned,fat_percentage,water_intake,workout_frequency,experience_level,bmi,heart_rate_difference,workout_intensity,gender_Male,workout_type_HIIT,workout_type_Strength,workout_type_Yoga,bmi_category_Obese,bmi_category_Overweight,bmi_category_Underweight
56,1.71,60,1.69,1313.0,12.6,3.5,4,3,30.2,120,776.9230769230769,1.0,0.0,0.0,1.0,1.0,0.0,0.0
46,1.53,66,1.3,883.0,33.9,2.1,4,2,32.0,113,679.2307692307692,0.0,1.0,0.0,0.0,1.0,0.0,0.0
32,1.66,54,1.11,677.0,33.4,2.3,4,2,24.71,113,609.9099099099099,0.0,0.0,0.0,0.0,0.0,0.0,0.0
25,1.7,56,0.59,532.0,28.8,2.1,3,1,18.41,134,901.6949152542373,1.0,0.0,1.0,0.0,0.0,0.0,1.0
38,1.79,68,0.64,556.0,29.2,2.8,3,1,14.39,120,868.75,1.0,0.0,1.0,0.0,0.0,0.0,1.0
56,1.68,74,1.59,1116.0,15.5,2.7,5,3,20.55,94,701.8867924528302,0.0,1.0,0.0,0.0,0.0,0.0,0.0
36,1.72,73,1.49,1385.0,21.3,2.3,3,2,23.76,101,929.5302013422819,1.0,0.0,0.0,0.0,0.0,0.0,0.0
40,1.51,64,1.27,895.0,30.6,1.9,3,2,30.57,125,704.7244094488188,0.0,0.0,0.0,0.0,1.0,0.0,0.0
28,1.94,52,1.03,719.0,28.9,2.6,4,2,32.34,133,698.0582524271845,1.0,0.0,1.0,0.0,1.0,0.0,0.0
28,1.84,64,1.08,808.0,29.7,2.7,3,1,30.07,105,748.1481481481482,1.0,0.0,0.0,0.0,1.0,0.0,0.0
41,1.67,54,0.82,593.0,20.5,3.0,2,1,43.31,134,723.1707317073171,1.0,1.0,0.0,0.0,1.0,0.0,0.0
53,1.7,72,1.15,865.0,23.6,3.5,3,2,17.89,103,752.1739130434784,1.0,1.0,0.0,0.0,0.0,0.0,1.0
57,1.61,61,1.24,1013.0,22.1,2.7,3,2,43.4,134,816.9354838709678,1.0,0.0,0.0,0.0,1.0,0.0,0.0
41,2.0,69,1.18,794.0,27.6,3.7,3,1,23.62,110,672.8813559322034,1.0,1.0,0.0,0.0,0.0,0.0,0.0
20,1.81,54,1.35,1195.0,26.4,3.3,3,2,35.93,142,885.1851851851851,1.0,0.0,0.0,1.0,1.0,0.0,0.0
39,1.75,52,1.13,740.0,26.2,2.1,2,1,13.88,129,654.8672566371682,0.0,0.0,1.0,0.0,0.0,0.0,1.0
19,1.53,58,1.33,1111.0,29.8,2.3,3,2,27.34,108,835.3383458646616,0.0,1.0,0.0,0.0,0.0,1.0,0.0
41,1.77,58,1.19,884.0,31.9,1.6,3,1,13.98,124,742.8571428571429,0.0,0.0,0.0,0.0,0.0,0.0,1.0
47,1.75,56,1.13,742.0,32.8,2.5,3,2,21.81,143,656.637168141593,0.0,0.0,1.0,0.0,0.0,0.0,0.0
55,1.67,51,1.37,1030.0,25.2,2.2,2,1,26.96,137,751.8248175182481,0.0,1.0,0.0,0.0,0.0,1.0,0.0
19,1.77,72,1.5,1048.0,28.9,3.7,4,2,28.41,103,698.6666666666666,1.0,0.0,1.0,0.0,0.0,1.0,0.0
38,1.77,72,1.12,875.0,25.7,3.1,2,1,22.95,125,781.2499999999999,1.0,0.0,0.0,0.0,0.0,0.0,0.0
50,1.68,70,1.17,848.0,33.1,2.5,2,1,25.16,117,724.7863247863248,0.0,0.0,0.0,1.0,0.0,1.0,0.0
29,1.78,65,0.78,721.0,28.1,3.4,2,1,38.16,132,924.3589743589744,1.0,0.0,0.0,1.0,1.0,0.0,0.0
39,1.69,58,1.25,925.0,26.9,1.9,4,2,22.51,132,740.0,0.0,1.0,0.0,0.0,0.0,0.0,0.0
42,1.71,62,1.42,1080.0,26.1,1.8,3,2,21.78,111,760.5633802816902,0.0,0.0,0.0,1.0,0.0,0.0,0.0
44,1.8,68,0.73,502.0,27.2,2.7,2,1,20.12,124,687.6712328767123,1.0,1.0,0.0,0.0,0.0,0.0,0.0
59,1.75,69,1.48,989.0,21.6,2.8,4,2,17.6,99,668.2432432432432,1.0,0.0,1.0,0.0,0.0,0.0,1.0
45,1.86,66,1.64,1104.0,14.2,3.5,5,3,24.54,120,673.1707317073171,1.0,1.0,0.0,0.0,0.0,0.0,0.0
33,1.68,55,1.29,871.0,32.3,1.8,3,2,27.64,128,675.1937984496124,0.0,1.0,0.0,0.0,0.0,1.0,0.0
32,1.8,53,1.27,964.0,28.4,3.5,3,1,33.4,119,759.0551181102362,1.0,1.0,0.0,0.0,1.0,0.0,0.0
20,1.52,50,1.03,654.0,28.0,2.2,4,2,28.31,135,634.9514563106796,0.0,0.0,0.0,1.0,0.0,1.0,0.0
54,1.61,67,1.48,1046.0,28.2,2.7,2,1,19.37,121,706.7567567567568,0.0,1.0,0.0,0.0,0.0,0.0,0.0
24,1.51,68,1.04,816.0,31.7,2.5,2,1,25.83,119,784.6153846153846,0.0,0.0,0.0,0.0,0.0,1.0,0.0
38,1.71,58,1.52,1237.0,10.2,3.5,5,3,27.84,129,813.8157894736842,1.0,1.0,0.0,0.0,0.0,1.0,0.0
26,1.73,62,1.32,1162.0,27.3,2.9,3,1,42.63,105,880.3030303030303,1.0,0.0,1.0,0.0,1.0,0.0,0.0
56,1.56,57,1.26,879.0,33.4,2.6,4,2,24.37,125,697.6190476190476,0.0,0.0,0.0,0.0,0.0,0.0,0.0
35,1.71,72,1.34,1069.0,24.2,2.9,3,2,33.14,116,797.7611940298507,1.0,0.0,1.0,0.0,1.0,0.0,0.0
21,1.81,62,1.3,1072.0,27.6,3.5,4,2,19.11,102,824.6153846153846,1.0,0.0,1.0,0.0,0.0,0.0,0.0
42,1.6,64,1.31,1057.0,21.7,2.6,3,2,17.77,102,806.8702290076336,1.0,0.0,1.0,0.0,0.0,0.0,1.0
31,1.51,60,1.48,969.0,28.2,2.0,2,1,21.4,135,654.7297297297297,0.0,0.0,0.0,0.0,0.0,0.0,0.0
26,1.6,61,1.08,734.0,34.7,2.0,3,1,17.3,125,679.6296296296296,0.0,0.0,0.0,0.0,0.0,0.0,1.0
43,1.83,63,1.45,962.0,29.9,2.9,4,2,33.8,98,663.448275862069,1.0,0.0,0.0,1.0,1.0,0.0,0.0
19,1.59,53,1.14,730.0,30.1,2.2,2,1,23.93,131,640.3508771929825,0.0,0.0,0.0,0.0,0.0,0.0,0.0
37,1.76,50,1.5,1304.0,29.3,2.8,2,1,40.1,118,869.3333333333334,1.0,1.0,0.0,0.0,1.0,0.0,0.0
45,1.85,73,1.2,956.0,25.2,2.5,3,1,15.31,113,796.6666666666667,1.0,0.0,1.0,0.0,0.0,0.0,1.0
24,1.74,53,0.84,772.0,22.9,3.6,3,1,18.07,107,919.047619047619,1.0,0.0,0.0,1.0,0.0,0.0,1.0
25,1.95,68,1.41,1016.0,22.7,3.0,2,1,23.17,114,720.5673758865248,1.0,0.0,0.0,0.0,0.0,0.0,0.0
52,1.71,58,1.23,836.0,34.3,2.0,3,1,20.42,111,679.6747967479674,0.0,0.0,1.0,0.0,0.0,0.0,0.0
31,1.54,59,1.03,742.0,26.7,2.3,4,2,33.61,125,720.3883495145631,0.0,0.0,0.0,0.0,1.0,0.0,0.0
34,1.62,53,1.42,1122.0,30.8,2.4,3,2,19.43,109,790.1408450704225,0.0,0.0,0.0,1.0,0.0,0.0,0.0
53,1.76,69,1.67,1133.0,12.8,3.5,5,3,27.18,96,678.4431137724551,1.0,0.0,0.0,0.0,0.0,1.0,0.0
57,1.89,58,1.13,750.0,27.4,3.6,3,1,34.18,107,663.7168141592921,1.0,0.0,0.0,0.0,1.0,0.0,0.0
21,1.72,62,1.26,1046.0,25.0,2.8,3,1,32.69,99,830.1587301587301,1.0,0.0,1.0,0.0,1.0,0.0,0.0
19,1.79,61,0.81,506.0,27.7,1.6,3,1,22.78,116,624.6913580246913,0.0,1.0,0.0,0.0,0.0,0.0,0.0
23,1.6,60,1.47,1318.0,21.7,2.7,4,2,44.84,122,896.5986394557823,1.0,0.0,0.0,0.0,1.0,0.0,0.0
59,1.52,61,1.4,1021.0,31.2,2.1,3,2,28.35,100,729.2857142857143,0.0,0.0,0.0,1.0,0.0,1.0,0.0
21,1.52,67,1.08,832.0,32.2,2.6,3,1,21.77,104,770.3703703703703,0.0,0.0,0.0,0.0,0.0,0.0,0.0
46,1.71,61,1.67,1150.0,17.8,2.7,4,3,20.86,120,688.622754491018,0.0,0.0,0.0,0.0,0.0,0.0,0.0
35,1.62,65,0.56,440.0,32.4,2.0,2,1,16.99,131,785.7142857142857,0.0,1.0,0.0,0.0,0.0,0.0,1.0
43,1.61,54,1.04,580.0,26.4,2.6,3,2,22.45,125,557.6923076923076,0.0,0.0,1.0,0.0,0.0,0.0,0.0
51,1.63,69,1.08,666.0,33.8,2.1,4,2,16.86,129,616.6666666666666,0.0,0.0,0.0,1.0,0.0,0.0,1.0
27,1.63,74,1.75,1299.0,12.9,3.5,5,3,32.93,109,742.2857142857143,1.0,0.0,1.0,0.0,1.0,0.0,0.0
53,1.74,61,1.23,773.0,21.3,3.7,3,2,17.11,118,628.4552845528456,1.0,0.0,1.0,0.0,0.0,0.0,1.0
31,1.7,70,1.97,1418.0,17.3,2.7,5,3,22.28,90,719.7969543147208,0.0,0.0,1.0,0.0,0.0,0.0,0.0
48,1.61,74,0.62,421.0,33.4,1.5,2,1,25.89,86,679.0322580645161,0.0,0.0,0.0,0.0,0.0,1.0,0.0
32,1.6,60,1.99,1587.0,14.5,3.5,5,3,33.55,116,797.4874371859297,1.0,1.0,0.0,0.0,1.0,0.0,0.0
25,1.77,58,0.89,627.0,27.6,2.6,3,1,20.88,102,704.4943820224719,0.0,0.0,0.0,0.0,0.0,0.0,0.0
31,1.76,67,1.81,1358.0,18.6,2.7,4,3,19.72,122,750.2762430939226,0.0,0.0,0.0,1.0,0.0,0.0,0.0
40,1.65,74,1.32,1176.0,21.0,3.6,4,2,39.12,88,890.9090909090909,1.0,1.0,0.0,0.0,1.0,0.0,0.0
57,1.52,52,1.73,1004.0,15.2,2.7,5,3,27.7,118,580.3468208092486,0.0,0.0,1.0,0.0,0.0,1.0,0.0
38,1.54,69,1.47,963.0,30.6,2.7,3,2,25.89,114,655.1020408163265,0.0,1.0,0.0,0.0,0.0,1.0,0.0
33,1.63,66,1.07,786.0,31.9,1.5,4,2,15.24,115,734.5794392523364,0.0,0.0,0.0,1.0,0.0,0.0,1.0
35,1.79,63,1.08,743.0,28.0,2.3,3,2,21.88,122,687.9629629629629,1.0,0.0,0.0,0.0,0.0,0.0,0.0
41,1.62,50,1.13,777.0,23.4,3.1,4,2,35.86,122,687.6106194690266,1.0,0.0,0.0,0.0,1.0,0.0,0.0
43,1.82,66,1.08,663.0,20.1,2.0,3,1,16.76,94,613.8888888888888,1.0,0.0,1.0,0.0,0.0,0.0,1.0
42,1.72,74,1.37,875.0,29.8,1.6,3,1,18.15,109,638.6861313868612,0.0,0.0,0.0,0.0,0.0,0.0,1.0
58,1.75,57,0.63,363.0,25.2,1.8,2,1,21.58,112,576.1904761904761,0.0,0.0,0.0,0.0,0.0,0.0,0.0
46,1.77,54,1.18,864.0,20.9,2.9,2,1,33.16,140,732.2033898305085,1.0,0.0,0.0,1.0,1.0,0.0,0.0
32,1.58,54,1.87,1262.0,16.6,2.7,5,3,24.72,129,674.8663101604278,0.0,1.0,0.0,0.0,0.0,0.0,0.0
18,1.74,58,1.2,990.0,29.4,2.2,2,1,17.27,129,825.0,0.0,0.0,0.0,0.0,0.0,0.0,1.0
42,1.74,52,1.78,1129.0,16.4,2.7,5,3,19.65,143,634.2696629213483,0.0,0.0,0.0,1.0,0.0,0.0,0.0
24,1.76,68,0.86,546.0,30.8,1.5,3,1,23.53,107,634.8837209302326,0.0,0.0,0.0,1.0,0.0,0.0,0.0
26,1.63,72,1.08,751.0,25.6,1.7,2,1,28.87,127,695.3703703703703,0.0,0.0,1.0,0.0,0.0,1.0,0.0
41,1.83,58,1.13,744.0,21.4,2.8,3,2,21.53,117,658.4070796460178,1.0,0.0,0.0,1.0,0.0,0.0,0.0
18,1.68,71,1.27,1003.0,32.0,2.2,4,2,19.42,105,789.763779527559,0.0,0.0,1.0,0.0,0.0,0.0,0.0
25,1.88,67,1.34,1150.0,21.4,2.3,3,2,29.71,107,858.2089552238806,1.0,0.0,0.0,0.0,0.0,1.0,0.0
41,1.55,65,1.45,1103.0,31.4,2.0,4,2,22.89,110,760.6896551724138,0.0,0.0,1.0,0.0,0.0,0.0,0.0
28,1.66,50,1.09,917.0,20.5,3.5,4,2,29.61,124,841.2844036697247,1.0,0.0,0.0,1.0,0.0,1.0,0.0
34,1.6,51,0.64,416.0,29.1,2.7,2,1,29.53,142,650.0,0.0,1.0,0.0,0.0,0.0,1.0,0.0
25,1.61,63,1.93,1688.0,10.9,3.5,4,3,31.44,107,874.6113989637306,1.0,1.0,0.0,0.0,1.0,0.0,0.0
52,1.69,63,1.8,1231.0,15.5,2.7,4,3,21.53,97,683.8888888888889,0.0,0.0,0.0,0.0,0.0,0.0,0.0
52,1.63,50,1.26,936.0,25.7,3.7,3,2,27.85,124,742.8571428571429,1.0,0.0,0.0,0.0,0.0,1.0,0.0
50,1.59,74,1.26,924.0,34.3,2.6,3,1,22.31,111,733.3333333333334,0.0,1.0,0.0,0.0,0.0,0.0,0.0
22,1.84,65,1.25,1052.0,20.5,2.7,3,2,30.3,98,841.6,1.0,0.0,1.0,0.0,1.0,0.0,0.0
59,1.57,64,0.58,441.0,29.2,2.3,3,1,22.15,100,760.344827586207,0.0,0.0,0.0,0.0,0.0,0.0,0.0
56,1.78,64,1.29,805.0,27.1,2.7,2,1,40.71,130,624.031007751938,1.0,0.0,0.0,1.0,1.0,0.0,0.0
58,1.66,61,1.33,1106.0,24.6,3.1,3,1,37.56,111,831.578947368421,1.0,0.0,0.0,0.0,1.0,0.0,0.0
45,1.51,65,1.15,735.0,33.1,1.9,4,2,26.05,104,639.1304347826087,0.0,0.0,1.0,0.0,0.0,1.0,0.0
24,1.79,63,1.97,1625.0,15.9,2.7,4,3,18.76,107,824.8730964467005,0.0,0.0,0.0,0.0,0.0,0.0,0.0
26,1.62,73,1.16,804.0,29.6,3.0,3,2,29.61,104,693.1034482758621,1.0,0.0,0.0,1.0,0.0,1.0,0.0
25,1.62,64,1.49,1073.0,28.9,2.1,4,2,15.7,129,720.1342281879195,0.0,0.0,0.0,1.0,0.0,0.0,1.0
29,1.61,72,1.2,805.0,23.4,2.0,3,2,22.61,126,670.8333333333334,1.0,0.0,0.0,1.0,0.0,0.0,0.0
51,1.78,64,0.54,420.0,28.7,3.3,3,1,34.5,118,777.7777777777777,1.0,0.0,1.0,0.0,1.0,0.0,0.0
50,1.96,68,0.97,667.0,25.6,2.0,3,1,18.12,98,687.6288659793814,1.0,0.0,1.0,0.0,0.0,0.0,1.0
40,1.79,57,1.79,1369.0,17.6,2.7,5,3,17.54,141,764.804469273743,0.0,0.0,0.0,1.0,0.0,0.0,1.0
41,1.96,51,0.51,424.0,27.3,2.5,2,1,18.66,111,831.3725490196078,1.0,0.0,0.0,1.0,0.0,0.0,0.0
54,1.93,51,1.74,1404.0,12.9,3.5,5,3,23.09,120,806.8965517241379,1.0,0.0,1.0,0.0,0.0,0.0,0.0
52,1.59,59,1.39,1020.0,26.6,1.5,3,2,31.41,107,733.8129496402878,0.0,0.0,1.0,0.0,1.0,0.0,0.0
57,1.62,52,1.01,677.0,31.7,2.0,4,2,29.87,133,670.2970297029702,0.0,0.0,1.0,0.0,0.0,1.0,0.0
39,1.6,72,1.44,979.0,26.3,1.6,3,2,21.64,120,679.8611111111111,0.0,1.0,0.0,0.0,0.0,0.0,0.0
44,1.55,66,1.41,819.0,33.1,2.6,4,2,25.68,130,580.8510638297872,0.0,0.0,1.0,0.0,0.0,1.0,0.0
52,1.82,57,1.78,1357.0,14.9,3.5,4,3,25.81,117,762.3595505617977,1.0,0.0,0.0,1.0,0.0,1.0,0.0
18,1.93,72,1.72,1315.0,11.9,3.5,4,3,23.52,89,764.5348837209302,1.0,1.0,0.0,0.0,0.0,0.0,0.0
52,1.72,53,1.01,685.0,24.4,2.7,4,2,27.85,113,678.2178217821782,1.0,0.0,1.0,0.0,0.0,1.0,0.0
54,1.68,63,0.55,446.0,20.5,2.8,3,1,23.74,128,810.9090909090909,1.0,0.0,0.0,1.0,0.0,0.0,0.0
31,1.6,70,1.09,888.0,25.1,1.9,3,2,16.52,93,814.6788990825687,0.0,0.0,0.0,0.0,0.0,0.0,1.0
20,1.99,59,1.69,1357.0,14.6,3.5,5,3,20.88,120,802.9585798816569,1.0,1.0,0.0,0.0,0.0,0.0,0.0
18,1.74,50,1.41,1303.0,21.3,3.1,2,1,30.52,145,924.113475177305,1.0,0.0,0.0,1.0,1.0,0.0,0.0
22,1.54,53,1.02,790.0,29.5,2.4,4,2,26.65,138,774.5098039215686,0.0,0.0,0.0,0.0,0.0,1.0,0.0
43,1.85,50,1.22,858.0,28.2,3.1,4,2,24.16,137,703.2786885245902,1.0,0.0,0.0,1.0,0.0,0.0,0.0
31,1.76,66,1.29,1071.0,28.9,3.3,3,2,27.96,106,830.2325581395348,1.0,0.0,1.0,0.0,0.0,1.0,0.0
56,1.95,66,1.0,639.0,25.2,3.5,2,1,34.06,94,639.0,1.0,0.0,1.0,0.0,1.0,0.0,0.0
44,1.83,56,1.28,824.0,25.7,3.5,4,2,29.26,138,643.75,1.0,0.0,0.0,0.0,0.0,1.0,0.0
26,1.68,72,1.97,1701.0,13.3,3.5,5,3,30.54,117,863.4517766497462,1.0,0.0,1.0,0.0,1.0,0.0,0.0
32,1.62,69,1.28,880.0,29.6,3.1,3,1,29.95,126,687.5,1.0,0.0,0.0,1.0,1.0,0.0,0.0
32,1.66,64,0.51,408.0,31.0,1.8,2,1,21.41,120,800.0,0.0,0.0,0.0,0.0,0.0,0.0,0.0
43,1.79,62,1.98,1479.0,17.8,2.7,4,3,17.88,113,746.969696969697,0.0,0.0,0.0,1.0,0.0,0.0,1.0
59,1.89,51,0.66,500.0,20.1,3.1,3,1,34.24,127,757.5757575757575,1.0,0.0,0.0,1.0,1.0,0.0,0.0
30,1.95,68,1.61,1373.0,10.4,3.5,5,3,22.43,92,852.7950310559006,1.0,0.0,0.0,1.0,0.0,0.0,0.0
49,1.74,73,1.24,870.0,30.8,2.1,3,2,14.93,91,701.6129032258065,0.0,0.0,1.0,0.0,0.0,0.0,1.0
56,1.92,62,0.68,458.0,29.4,3.2,3,1,15.08,119,673.5294117647059,1.0,0.0,1.0,0.0,0.0,0.0,1.0
49,1.95,73,1.91,1503.0,14.3,3.5,5,3,21.78,110,786.910994764398,1.0,0.0,0.0,1.0,0.0,0.0,0.0
21,1.66,60,1.38,1207.0,29.8,3.4,3,2,45.43,136,874.6376811594204,1.0,1.0,0.0,0.0,1.0,0.0,0.0
47,1.79,71,1.42,837.0,30.3,2.4,4,2,18.26,124,589.4366197183099,0.0,0.0,0.0,1.0,0.0,0.0,1.0
54,1.95,64,1.17,811.0,27.9,3.4,2,1,22.64,131,693.1623931623932,1.0,0.0,0.0,1.0,0.0,0.0,0.0
40,1.61,59,1.31,1041.0,33.4,1.6,3,2,24.5,104,794.6564885496183,0.0,0.0,0.0,0.0,0.0,0.0,0.0
56,1.68,58,0.66,451.0,26.5,2.1,2,1,24.55,137,683.3333333333333,1.0,0.0,0.0,1.0,0.0,0.0,0.0
32,1.62,58,1.24,756.0,28.4,1.8,2,1,26.86,119,609.6774193548387,0.0,0.0,1.0,0.0,0.0,1.0,0.0
46,1.65,69,1.69,1042.0,17.3,2.7,4,3,22.08,106,616.5680473372781,0.0,0.0,0.0,0.0,0.0,0.0,0.0
53,1.95,50,0.89,608.0,28.6,3.5,3,1,24.75,127,683.1460674157303,1.0,1.0,0.0,0.0,0.0,0.0,0.0
30,1.62,66,1.26,1046.0,28.0,2.5,4,2,30.18,115,830.1587301587301,0.0,0.0,0.0,0.0,1.0,0.0,0.0
49,1.91,61,1.38,854.0,29.2,3.2,2,1,31.61,100,618.840579710145,1.0,1.0,0.0,0.0,1.0,0.0,0.0
24,1.79,59,1.42,958.0,27.3,2.3,4,2,19.63,121,674.6478873239437,0.0,0.0,0.0,0.0,0.0,0.0,0.0
39,1.64,54,0.97,678.0,27.5,3.2,3,1,23.05,141,698.9690721649484,1.0,0.0,0.0,0.0,0.0,0.0,0.0
45,1.78,67,1.53,1265.0,13.2,3.5,4,3,27.93,131,826.7973856209151,1.0,1.0,0.0,0.0,0.0,1.0,0.0
19,1.77,64,1.28,877.0,32.5,2.6,3,2,23.59,134,685.15625,0.0,0.0,1.0,0.0,0.0,0.0,0.0
59,1.95,55,1.07,885.0,24.4,3.4,3,1,13.23,133,827.1028037383177,1.0,0.0,1.0,0.0,0.0,0.0,1.0
23,1.8,56,0.7,624.0,29.3,3.1,3,1,25.65,129,891.4285714285714,1.0,0.0,1.0,0.0,0.0,1.0,0.0
45,1.78,66,1.46,1038.0,31.3,2.3,3,1,20.55,114,710.9589041095891,0.0,0.0,0.0,0.0,0.0,0.0,0.0
45,1.79,55,1.46,1214.0,22.9,2.4,3,2,14.54,121,831.5068493150685,1.0,0.0,0.0,1.0,0.0,0.0,1.0
37,1.89,57,0.54,499.0,26.4,3.1,2,1,28.97,118,924.074074074074,1.0,0.0,0.0,0.0,0.0,1.0,0.0
47,1.54,61,1.95,1150.0,16.4,2.7,4,3,26.1,129,589.7435897435897,0.0,0.0,0.0,1.0,0.0,1.0,0.0
28,1.61,70,1.32,1082.0,27.9,2.0,3,2,20.06,98,819.6969696969696,0.0,0.0,0.0,1.0,0.0,0.0,0.0
45,1.71,63,0.83,530.0,24.0,2.3,2,1,38.78,127,638.5542168674699,1.0,0.0,1.0,0.0,1.0,0.0,0.0
42,1.98,61,1.42,886.0,28.5,3.4,4,2,16.04,112,623.943661971831,1.0,0.0,0.0,1.0,0.0,0.0,1.0
56,1.8,72,1.23,913.0,30.0,2.1,4,2,12.47,124,742.2764227642276,0.0,0.0,0.0,0.0,0.0,0.0,1.0
50,1.75,59,0.67,362.0,31.8,2.7,3,1,21.91,102,540.2985074626865,0.0,0.0,0.0,0.0,0.0,0.0,0.0
18,1.61,71,1.3,1201.0,23.9,2.5,2,1,27.01,102,923.8461538461538,1.0,0.0,1.0,0.0,0.0,1.0,0.0
44,1.75,69,1.02,711.0,27.6,2.1,3,1,22.69,123,697.0588235294117,0.0,1.0,0.0,0.0,0.0,0.0,0.0
30,1.66,64,1.08,832.0,29.5,2.8,3,2,39.16,130,770.3703703703703,1.0,0.0,0.0,0.0,1.0,0.0,0.0
58,1.91,56,1.49,1151.0,26.0,2.2,3,2,29.88,142,772.48322147651,1.0,0.0,0.0,1.0,0.0,1.0,0.0
20,1.91,58,1.36,1070.0,29.3,2.7,3,2,27.69,121,786.7647058823529,1.0,0.0,0.0,0.0,0.0,1.0,0.0
56,1.85,59,1.57,1119.0,11.0,3.5,4,3,25.86,102,712.7388535031847,1.0,0.0,0.0,0.0,0.0,1.0,0.0
23,1.8,59,1.55,1074.0,10.7,3.5,4,3,24.97,119,692.9032258064516,1.0,0.0,0.0,0.0,0.0,1.0,0.0
25,1.62,65,1.04,837.0,33.6,1.8,4,2,16.42,131,804.8076923076923,0.0,1.0,0.0,0.0,0.0,0.0,1.0
44,1.52,56,1.58,967.0,18.4,2.7,5,3,25.58,121,612.0253164556962,0.0,0.0,0.0,1.0,0.0,1.0,0.0
26,1.53,54,1.14,844.0,26.9,1.7,3,1,23.07,121,740.3508771929825,0.0,0.0,1.0,0.0,0.0,0.0,0.0
54,1.78,72,1.27,852.0,27.7,1.8,2,1,22.82,91,670.8661417322835,0.0,0.0,0.0,0.0,0.0,0.0,0.0
50,1.98,52,0.92,574.0,28.0,2.4,2,1,13.03,119,623.9130434782609,1.0,0.0,0.0,1.0,0.0,0.0,1.0
59,1.72,67,1.08,813.0,24.5,3.2,3,1,30.22,121,752.7777777777777,1.0,0.0,0.0,1.0,1.0,0.0,0.0
41,1.8,60,1.09,680.0,26.7,2.1,4,2,15.9,106,623.8532110091743,1.0,0.0,1.0,0.0,0.0,0.0,1.0
32,1.88,64,1.52,1195.0,11.6,3.5,5,3,24.87,109,786.1842105263157,1.0,0.0,0.0,0.0,0.0,0.0,0.0
49,1.52,70,1.1,644.0,28.8,2.2,3,1,18.18,101,585.4545454545454,0.0,1.0,0.0,0.0,0.0,0.0,1.0
49,1.72,69,1.46,925.0,29.9,3.3,3,1,26.77,125,633.5616438356165,1.0,0.0,0.0,1.0,0.0,1.0,0.0
41,1.71,54,1.2,778.0,22.5,2.8,3,2,22.16,110,648.3333333333334,1.0,0.0,1.0,0.0,0.0,0.0,0.0
58,1.78,73,1.58,1095.0,17.5,2.7,4,3,19.88,103,693.0379746835442,0.0,1.0,0.0,0.0,0.0,0.0,0.0
29,1.77,61,0.68,418.0,33.4,2.6,3,1,17.94,130,614.7058823529411,0.0,0.0,0.0,1.0,0.0,0.0,1.0
56,1.64,53,1.1,767.0,27.4,2.3,3,2,19.67,116,697.2727272727273,0.0,0.0,0.0,0.0,0.0,0.0,0.0
19,1.69,64,1.05,772.0,29.2,2.4,3,1,17.16,112,735.2380952380952,0.0,0.0,0.0,1.0,0.0,0.0,1.0
20,1.84,58,0.83,603.0,26.2,2.3,3,1,37.87,106,726.5060240963855,1.0,1.0,0.0,0.0,1.0,0.0,0.0
54,1.86,56,1.54,1082.0,12.4,3.5,5,3,24.16,112,702.5974025974026,1.0,1.0,0.0,0.0,0.0,0.0,0.0
34,1.77,59,1.81,1249.0,17.3,2.7,5,3,17.94,133,690.0552486187845,0.0,0.0,0.0,0.0,0.0,0.0,1.0
19,1.78,72,1.28,1133.0,23.6,3.3,2,1,27.71,123,885.15625,1.0,0.0,0.0,0.0,0.0,1.0,0.0
19,1.85,62,1.66,1424.0,12.9,3.5,4,3,25.1,133,857.8313253012049,1.0,0.0,1.0,0.0,0.0,1.0,0.0
45,1.87,57,1.44,1126.0,26.2,3.4,4,2,14.61,120,781.9444444444445,1.0,0.0,0.0,0.0,0.0,0.0,1.0
40,1.71,61,1.87,1337.0,18.3,2.7,5,3,19.63,107,714.9732620320855,0.0,0.0,1.0,0.0,0.0,0.0,0.0
54,1.92,71,1.2,802.0,20.7,2.6,4,2,31.17,117,668.3333333333334,1.0,1.0,0.0,0.0,1.0,0.0,0.0
49,1.66,73,1.37,937.0,31.3,1.8,3,2,22.54,100,683.941605839416,0.0,1.0,0.0,0.0,0.0,0.0,0.0
50,1.91,68,1.09,707.0,29.5,2.7,4,2,15.65,116,648.6238532110091,1.0,0.0,0.0,1.0,0.0,0.0,1.0
18,1.8,50,1.1,926.0,25.4,3.3,4,2,21.02,124,841.8181818181818,1.0,0.0,0.0,1.0,0.0,0.0,0.0
36,1.65,65,1.23,852.0,27.2,2.7,3,1,25.42,100,692.6829268292684,1.0,0.0,1.0,0.0,0.0,1.0,0.0
19,1.52,71,1.23,800.0,30.6,2.4,3,1,28.22,117,650.4065040650406,0.0,0.0,0.0,0.0,0.0,1.0,0.0
43,1.73,66,1.33,988.0,28.5,2.2,2,1,36.29,108,742.8571428571428,1.0,0.0,0.0,0.0,1.0,0.0,0.0
49,1.65,74,1.03,686.0,34.3,2.5,3,2,14.69,114,666.0194174757281,0.0,0.0,0.0,1.0,0.0,0.0,1.0
23,1.58,67,0.56,370.0,26.8,1.8,3,1,16.78,96,660.7142857142857,0.0,1.0,0.0,0.0,0.0,0.0,1.0
49,1.52,60,1.45,979.0,29.4,1.8,4,2,29.56,117,675.1724137931035,0.0,0.0,1.0,0.0,0.0,1.0,0.0
21,1.6,67,1.71,1138.0,12.0,3.5,4,3,34.53,131,665.4970760233919,1.0,1.0,0.0,0.0,1.0,0.0,0.0
28,1.9,56,1.18,1025.0,24.1,3.0,3,1,18.28,119,868.6440677966102,1.0,1.0,0.0,0.0,0.0,0.0,1.0
34,1.64,67,1.26,929.0,21.3,2.1,4,2,26.73,103,737.3015873015873,1.0,0.0,0.0,0.0,0.0,1.0,0.0
55,1.71,57,1.03,663.0,28.1,2.0,4,2,25.85,116,643.6893203883495,1.0,0.0,1.0,0.0,0.0,1.0,0.0
41,1.59,55,1.84,1267.0,15.2,2.7,5,3,25.08,107,688.5869565217391,0.0,1.0,0.0,0.0,0.0,1.0,0.0
22,1.77,56,1.49,1177.0,30.3,1.8,3,1,22.85,141,789.9328859060403,0.0,0.0,0.0,1.0,0.0,0.0,0.0
51,1.77,72,1.08,598.0,31.6,2.1,4,2,18.32,105,553.7037037037037,0.0,0.0,0.0,1.0,0.0,0.0,1.0
23,1.99,71,1.79,1280.0,11.0,3.5,4,3,21.16,108,715.0837988826815,1.0,0.0,0.0,0.0,0.0,0.0,0.0
39,1.71,59,1.95,1443.0,19.5,2.7,5,3,19.12,125,740.0,0.0,0.0,0.0,1.0,0.0,0.0,0.0
28,1.76,60,1.2,799.0,28.4,3.5,3,2,28.09,137,665.8333333333334,1.0,0.0,0.0,1.0,0.0,1.0,0.0
33,1.71,74,1.18,796.0,29.7,2.5,4,2,22.33,98,674.5762711864407,0.0,1.0,0.0,0.0,0.0,0.0,0.0
50,1.67,62,1.37,1071.0,24.1,2.8,4,2,16.28,101,781.7518248175182,1.0,0.0,0.0,1.0,0.0,0.0,1.0
26,1.87,58,1.71,1241.0,11.2,3.5,4,3,24.91,115,725.7309941520468,1.0,0.0,0.0,1.0,0.0,1.0,0.0
23,1.73,56,1.47,1147.0,32.3,1.5,4,2,26.26,136,780.2721088435375,0.0,1.0,0.0,0.0,0.0,1.0,0.0
33,1.71,58,1.08,734.0,26.3,2.1,3,1,26.67,129,679.6296296296296,0.0,0.0,0.0,0.0,0.0,1.0,0.0
46,1.53,62,1.83,1153.0,18.4,2.7,4,3,24.78,134,630.0546448087431,0.0,0.0,0.0,0.0,0.0,0.0,0.0
20,1.69,52,1.28,1043.0,33.4,2.3,3,2,24.96,115,814.84375,0.0,0.0,1.0,0.0,0.0,1.0,0.0
37,1.74,52,1.11,842.0,22.3,2.6,3,2,16.22,141,758.5585585585585,1.0,0.0,0.0,1.0,0.0,0.0,1.0
53,1.65,50,1.24,703.0,33.7,1.6,3,1,28.76,114,566.9354838709678,0.0,1.0,0.0,0.0,0.0,1.0,0.0
36,1.64,70,1.13,887.0,25.3,1.8,4,2,21.3,94,784.9557522123895,0.0,0.0,1.0,0.0,0.0,0.0,0.0
43,1.61,69,1.28,732.0,34.1,2.4,2,1,18.67,121,571.875,0.0,0.0,0.0,0.0,0.0,0.0,0.0
20,1.62,51,1.35,980.0,21.2,2.6,4,2,29.11,117,725.9259259259259,1.0,0.0,0.0,0.0,0.0,1.0,0.0
36,1.77,74,1.19,1021.0,26.5,3.4,2,1,35.18,117,857.983193277311,1.0,1.0,0.0,0.0,1.0,0.0,0.0
37,1.76,52,1.21,732.0,27.5,1.9,3,2,23.53,140,604.9586776859504,0.0,0.0,1.0,0.0,0.0,0.0,0.0
49,1.86,64,1.87,1481.0,14.2,3.5,4,3,23.73,98,791.9786096256684,1.0,0.0,1.0,0.0,0.0,0.0,0.0
24,1.76,73,0.63,410.0,30.1,1.7,3,1,19.01,116,650.7936507936508,0.0,1.0,0.0,0.0,0.0,0.0,0.0
58,1.87,55,1.57,1111.0,10.7,3.5,4,3,23.51,116,707.6433121019109,1.0,1.0,0.0,0.0,0.0,0.0,0.0
50,1.72,62,1.46,903.0,25.7,2.7,3,2,32.69,126,618.4931506849315,1.0,0.0,1.0,0.0,1.0,0.0,0.0
57,1.86,70,1.8,1292.0,12.0,3.5,5,3,23.53,92,717.7777777777777,1.0,0.0,0.0,0.0,0.0,0.0,0.0
56,1.73,50,1.09,680.0,26.6,2.8,3,2,36.02,135,623.8532110091743,1.0,0.0,0.0,1.0,1.0,0.0,0.0
35,1.62,69,1.0,790.0,33.8,1.5,4,2,25.07,120,790.0,0.0,0.0,0.0,0.0,0.0,1.0,0.0
57,1.56,68,1.45,900.0,29.1,1.6,4,2,28.15,100,620.6896551724138,0.0,1.0,0.0,0.0,0.0,1.0,0.0
18,1.59,50,1.87,1169.0,16.4,2.7,4,3,25.28,135,625.1336898395722,0.0,0.0,1.0,0.0,0.0,1.0,0.0
28,1.62,70,1.16,1034.0,20.1,2.3,3,2,29.07,91,891.3793103448277,1.0,0.0,1.0,0.0,0.0,1.0,0.0
45,1.65,71,1.44,959.0,30.7,1.6,3,1,16.35,91,665.9722222222223,0.0,0.0,0.0,1.0,0.0,0.0,1.0
42,1.75,51,1.29,940.0,29.0,1.9,3,2,16.56,112,728.6821705426356,0.0,0.0,1.0,0.0,0.0,0.0,1.0
40,1.61,64,1.55,1224.0,16.9,2.7,4,3,21.26,120,789.6774193548387,0.0,0.0,0.0,1.0,0.0,0.0,0.0
48,1.61,63,1.36,815.0,21.8,3.6,4,2,28.43,109,599.2647058823529,1.0,0.0,0.0,0.0,0.0,1.0,0.0
47,1.77,68,1.2,820.0,24.3,2.9,4,2,17.75,130,683.3333333333334,1.0,0.0,0.0,0.0,0.0,0.0,1.0
59,1.76,60,1.13,688.0,29.8,3.1,3,2,28.05,134,608.849557522124,1.0,0.0,1.0,0.0,0.0,1.0,0.0
52,1.68,64,1.6,900.0,16.5,2.7,4,3,21.36,118,562.5,0.0,0.0,1.0,0.0,0.0,0.0,0.0
24,1.64,55,0.99,832.0,31.0,1.9,2,1,15.02,113,840.4040404040404,0.0,1.0,0.0,0.0,0.0,0.0,1.0
33,1.66,69,1.29,1006.0,32.8,1.9,4,2,28.49,92,779.8449612403101,0.0,1.0,0.0,0.0,0.0,1.0,0.0
43,1.72,58,0.82,597.0,27.5,2.0,2,1,34.68,132,728.048780487805,1.0,0.0,1.0,0.0,1.0,0.0,0.0
19,1.91,54,1.31,1074.0,23.3,2.9,2,1,30.37,107,819.8473282442748,1.0,0.0,1.0,0.0,1.0,0.0,0.0
18,1.79,69,1.11,699.0,31.1,2.1,2,1,19.01,122,629.7297297297297,0.0,0.0,0.0,0.0,0.0,0.0,0.0
29,1.61,51,1.41,993.0,28.7,2.3,3,1,21.49,126,704.2553191489362,1.0,0.0,1.0,0.0,0.0,0.0,0.0
22,1.92,55,1.16,919.0,20.2,3.3,3,2,29.98,117,792.2413793103449,1.0,1.0,0.0,0.0,1.0,0.0,0.0
54,1.71,67,0.77,579.0,24.4,2.8,2,1,18.88,97,751.9480519480519,1.0,0.0,0.0,0.0,0.0,0.0,0.0
49,1.72,72,1.4,832.0,22.2,2.6,4,2,15.72,97,594.2857142857143,1.0,0.0,0.0,1.0,0.0,0.0,1.0
26,1.66,68,0.81,506.0,28.9,1.7,3,1,25.73,116,624.6913580246913,0.0,1.0,0.0,0.0,0.0,1.0,0.0
58,1.75,58,1.09,739.0,24.2,2.9,2,1,24.36,135,677.9816513761467,1.0,1.0,0.0,0.0,0.0,0.0,0.0
52,1.72,70,0.93,594.0,27.5,3.3,2,1,15.24,126,638.7096774193548,1.0,0.0,0.0,0.0,0.0,0.0,1.0
36,1.99,73,1.33,1075.0,20.9,2.5,3,1,25.23,116,808.2706766917292,1.0,0.0,0.0,1.0,0.0,1.0,0.0
33,1.61,55,1.04,744.0,25.1,2.4,3,2,45.14,111,715.3846153846154,1.0,1.0,0.0,0.0,1.0,0.0,0.0
20,1.73,63,1.39,1056.0,30.6,2.1,4,2,25.36,102,759.7122302158274,0.0,0.0,1.0,0.0,0.0,1.0,0.0
37,1.64,73,1.11,666.0,29.9,1.7,3,2,26.47,89,600.0,0.0,1.0,0.0,0.0,0.0,1.0,0.0
41,1.72,62,1.01,660.0,27.3,3.1,4,2,26.64,110,653.4653465346535,1.0,0.0,0.0,0.0,0.0,1.0,0.0
50,1.69,60,1.31,1012.0,23.8,3.0,2,1,17.72,102,772.5190839694657,1.0,0.0,0.0,0.0,0.0,0.0,1.0
41,1.79,61,1.69,1163.0,14.7,3.5,4,3,25.75,124,688.1656804733728,1.0,0.0,0.0,0.0,0.0,1.0,0.0
28,1.79,68,1.33,878.0,24.8,2.1,4,2,33.86,115,660.1503759398496,1.0,1.0,0.0,0.0,1.0,0.0,0.0
25,1.98,68,1.15,772.0,25.7,2.1,3,2,12.73,97,671.304347826087,1.0,0.0,0.0,1.0,0.0,0.0,1.0
53,1.91,70,0.52,353.0,28.3,3.1,2,1,34.29,101,678.8461538461538,1.0,0.0,1.0,0.0,1.0,0.0,0.0
55,1.66,68,1.06,763.0,27.8,1.9,2,1,28.92,127,719.8113207547169,0.0,0.0,0.0,0.0,0.0,1.0,0.0
57,1.63,73,0.96,632.0,20.8,2.1,2,1,47.72,88,658.3333333333334,1.0,0.0,0.0,1.0,1.0,0.0,0.0
37,1.57,62,1.31,982.0,32.1,2.4,3,1,22.15,108,749.618320610687,0.0,0.0,1.0,0.0,0.0,0.0,0.0
52,1.54,63,1.34,880.0,29.8,1.9,3,2,20.16,135,656.7164179104477,0.0,0.0,0.0,0.0,0.0,0.0,0.0
42,1.91,73,1.01,680.0,29.0,2.8,3,2,26.84,120,673.2673267326733,1.0,0.0,1.0,0.0,0.0,1.0,0.0
52,1.54,67,1.36,1010.0,34.8,1.8,3,2,26.61,118,742.6470588235294,0.0,0.0,1.0,0.0,0.0,1.0,0.0
42,1.69,61,1.07,713.0,29.0,2.3,3,2,25.35,116,666.3551401869158,0.0,0.0,0.0,1.0,0.0,1.0,0.0
46,1.7,53,1.52,1060.0,17.1,2.7,4,3,20.38,127,697.3684210526316,0.0,0.0,1.0,0.0,0.0,0.0,0.0
35,1.6,59,1.03,803.0,29.1,1.9,4,2,19.69,136,779.6116504854368,0.0,0.0,0.0,0.0,0.0,0.0,0.0
35,1.59,66,1.63,1182.0,16.6,2.7,5,3,25.39,133,725.1533742331288,0.0,0.0,0.0,1.0,0.0,1.0,0.0
19,1.77,53,1.4,952.0,32.8,2.7,2,1,18.77,128,680.0,0.0,1.0,0.0,0.0,0.0,0.0,0.0
52,1.62,61,1.36,949.0,27.6,3.2,3,1,40.09,128,697.7941176470588,1.0,1.0,0.0,0.0,1.0,0.0,0.0
33,1.5,62,0.92,662.0,29.8,1.7,3,1,20.4,127,719.5652173913044,0.0,0.0,0.0,1.0,0.0,0.0,0.0
58,1.63,53,1.12,610.0,25.4,2.0,3,2,24.54,114,544.6428571428571,0.0,1.0,0.0,0.0,0.0,0.0,0.0
53,1.79,59,1.52,964.0,16.5,2.7,5,3,17.57,134,634.2105263157895,0.0,0.0,1.0,0.0,0.0,0.0,1.0
50,1.7,74,0.81,497.0,22.9,2.7,2,1,31.14,94,613.5802469135803,1.0,0.0,0.0,0.0,1.0,0.0,0.0
21,1.7,52,1.97,1212.0,19.1,2.7,5,3,20.76,127,615.2284263959391,0.0,0.0,1.0,0.0,0.0,0.0,0.0
50,1.71,64,1.48,1136.0,20.9,2.9,2,1,17.61,135,767.5675675675676,1.0,0.0,0.0,1.0,0.0,0.0,1.0
31,1.64,51,1.54,962.0,19.0,2.7,4,3,23.46,133,624.6753246753246,0.0,0.0,0.0,0.0,0.0,0.0,0.0
38,1.77,74,0.8,616.0,26.7,3.4,2,1,29.21,104,770.0,1.0,0.0,0.0,1.0,0.0,1.0,0.0
37,1.67,74,1.39,1009.0,27.3,3.0,2,1,17.46,90,725.8992805755396,1.0,0.0,0.0,1.0,0.0,0.0,1.0
25,1.56,66,1.35,1053.0,29.3,1.6,3,2,23.75,104,780.0,0.0,0.0,0.0,1.0,0.0,0.0,0.0
24,1.75,55,0.83,598.0,31.8,2.3,3,1,13.71,119,720.4819277108434,0.0,0.0,1.0,0.0,0.0,0.0,1.0
20,1.92,57,0.63,502.0,26.1,2.0,2,1,34.83,110,796.8253968253969,1.0,0.0,0.0,0.0,1.0,0.0,0.0
34,1.57,52,1.47,1161.0,32.7,2.4,3,1,30.1,126,789.795918367347,0.0,0.0,0.0,0.0,1.0,0.0,0.0
50,1.68,74,1.79,1232.0,12.2,3.5,5,3,31.75,108,688.268156424581,1.0,0.0,0.0,0.0,1.0,0.0,0.0
29,2.0,67,1.36,1137.0,24.7,3.1,4,2,31.48,119,836.0294117647059,1.0,0.0,1.0,0.0,1.0,0.0,0.0
39,1.99,71,0.81,593.0,26.4,2.5,2,1,26.64,128,732.0987654320987,1.0,1.0,0.0,0.0,0.0,1.0,0.0
39,1.7,50,1.1,938.0,21.1,2.5,4,2,32.32,141,852.7272727272726,1.0,0.0,1.0,0.0,1.0,0.0,0.0
47,1.84,65,1.37,922.0,24.4,3.4,4,2,24.25,120,672.9927007299269,1.0,0.0,1.0,0.0,0.0,0.0,0.0
55,1.69,56,0.9,567.0,34.7,2.4,2,1,15.02,130,630.0,0.0,0.0,0.0,1.0,0.0,0.0,1.0
55,1.68,52,1.13,923.0,20.4,2.6,4,2,45.49,126,816.8141592920355,1.0,0.0,0.0,0.0,1.0,0.0,0.0
25,1.96,72,1.42,1054.0,23.2,2.5,2,1,29.26,116,742.2535211267606,1.0,0.0,0.0,0.0,0.0,1.0,0.0
44,1.79,53,1.41,1047.0,28.1,2.2,3,1,24.25,145,742.5531914893618,0.0,1.0,0.0,0.0,0.0,0.0,0.0
44,1.99,58,1.4,936.0,26.3,2.0,4,2,22.55,134,668.5714285714287,1.0,1.0,0.0,0.0,0.0,0.0,0.0
51,1.55,54,1.4,876.0,26.1,1.6,3,1,29.26,124,625.7142857142858,0.0,0.0,0.0,1.0,0.0,1.0,0.0
38,1.72,68,1.07,792.0,31.3,1.7,3,2,19.98,128,740.1869158878504,0.0,0.0,0.0,0.0,0.0,0.0,0.0
47,1.69,64,1.48,979.0,26.0,1.7,3,2,17.47,114,661.4864864864865,0.0,1.0,0.0,0.0,0.0,0.0,1.0
50,1.67,57,0.53,333.0,20.9,2.9,2,1,36.47,135,628.3018867924528,1.0,1.0,0.0,0.0,1.0,0.0,0.0
45,1.91,55,1.03,729.0,27.3,3.7,3,2,25.49,120,707.7669902912621,1.0,0.0,0.0,0.0,0.0,1.0,0.0
50,1.6,67,0.77,465.0,23.2,3.1,2,1,34.14,115,603.8961038961039,1.0,0.0,1.0,0.0,1.0,0.0,0.0
22,1.61,68,1.62,1166.0,19.9,2.7,4,3,21.26,98,719.753086419753,0.0,1.0,0.0,0.0,0.0,0.0,0.0
36,1.69,73,1.3,987.0,20.4,2.1,4,2,43.31,112,759.2307692307692,1.0,0.0,0.0,0.0,1.0,0.0,0.0
21,1.57,64,1.94,1474.0,17.2,2.7,4,3,24.87,127,759.7938144329897,0.0,1.0,0.0,0.0,0.0,0.0,0.0
52,1.94,56,1.46,874.0,21.1,2.9,3,2,19.21,115,598.6301369863014,1.0,0.0,0.0,1.0,0.0,0.0,0.0
34,1.53,59,1.36,911.0,28.5,2.1,2,1,29.56,108,669.8529411764705,0.0,1.0,0.0,0.0,0.0,1.0,0.0
45,1.61,55,1.14,796.0,30.0,2.2,4,2,31.4,109,698.2456140350878,1.0,0.0,0.0,0.0,1.0,0.0,0.0
47,1.86,63,1.85,1181.0,14.4,3.5,5,3,24.51,124,638.3783783783783,1.0,1.0,0.0,0.0,0.0,0.0,0.0
46,1.72,66,1.43,970.0,20.5,3.6,3,2,18.62,98,678.3216783216784,1.0,0.0,0.0,1.0,0.0,0.0,0.0
23,1.78,58,1.67,1177.0,17.8,2.7,5,3,18.62,127,704.7904191616767,0.0,0.0,0.0,1.0,0.0,0.0,0.0
52,1.51,68,1.83,1359.0,18.2,2.7,4,3,28.46,96,742.6229508196722,0.0,1.0,0.0,0.0,0.0,1.0,0.0
58,1.75,54,1.01,840.0,22.1,2.7,2,1,35.82,127,831.6831683168317,1.0,1.0,0.0,0.0,1.0,0.0,0.0
54,1.9,72,0.81,585.0,21.5,3.7,2,1,21.72,102,722.2222222222222,1.0,0.0,0.0,1.0,0.0,0.0,0.0
41,1.79,56,1.4,832.0,34.0,2.0,4,2,23.94,116,594.2857142857143,0.0,0.0,0.0,1.0,0.0,0.0,0.0
46,1.61,68,1.0,684.0,34.7,2.2,4,2,24.34,119,684.0,0.0,0.0,1.0,0.0,0.0,0.0,0.0
48,1.58,69,1.98,1105.0,20.0,2.7,4,3,25.2,123,558.0808080808081,0.0,0.0,1.0,0.0,0.0,1.0,0.0
52,1.74,56,1.84,1321.0,13.9,3.5,4,3,28.27,126,717.9347826086956,1.0,0.0,0.0,1.0,0.0,1.0,0.0
50,1.57,73,1.25,742.0,31.6,1.6,2,1,26.9,119,593.6,0.0,1.0,0.0,0.0,0.0,1.0,0.0
38,1.97,51,1.37,1100.0,23.5,2.8,3,1,15.8,126,802.9197080291971,1.0,0.0,0.0,0.0,0.0,0.0,1.0
49,1.65,74,1.16,694.0,26.7,1.8,4,2,16.2,115,598.2758620689656,0.0,1.0,0.0,0.0,0.0,0.0,1.0
40,1.62,72,1.3,1022.0,20.8,3.4,2,1,24.31,113,786.1538461538461,1.0,1.0,0.0,0.0,0.0,0.0,0.0
50,1.55,65,1.85,1016.0,18.5,2.7,4,3,23.06,110,549.1891891891892,0.0,0.0,1.0,0.0,0.0,0.0,0.0
20,1.58,62,1.04,863.0,32.8,2.4,3,2,29.92,110,829.8076923076923,0.0,0.0,1.0,0.0,1.0,0.0,0.0
35,1.67,57,1.13,949.0,33.3,2.5,4,2,27.97,141,839.8230088495576,0.0,0.0,1.0,0.0,0.0,1.0,0.0
42,1.67,55,1.14,764.0,34.1,2.4,2,1,20.62,137,670.1754385964913,0.0,0.0,0.0,1.0,0.0,0.0,0.0
59,1.73,55,1.03,714.0,33.8,2.5,3,2,20.28,130,693.2038834951456,0.0,0.0,0.0,1.0,0.0,0.0,0.0
48,1.74,58,1.48,1223.0,30.0,2.3,3,2,22.79,102,826.3513513513514,1.0,1.0,0.0,0.0,0.0,0.0,0.0
20,1.78,53,1.42,944.0,27.4,2.0,4,2,23.92,144,664.7887323943662,0.0,1.0,0.0,0.0,0.0,0.0,0.0
57,1.63,60,0.69,407.0,32.6,2.3,3,1,28.49,101,589.8550724637681,0.0,0.0,0.0,0.0,0.0,1.0,0.0
41,1.64,54,1.42,939.0,30.9,2.3,3,2,26.47,111,661.2676056338029,0.0,1.0,0.0,0.0,0.0,1.0,0.0
49,1.68,74,1.82,1468.0,11.3,3.5,4,3,30.12,123,806.5934065934066,1.0,1.0,0.0,0.0,1.0,0.0,0.0
39,1.56,66,1.22,903.0,34.8,2.4,2,1,26.13,117,740.1639344262295,0.0,0.0,1.0,0.0,0.0,1.0,0.0
40,1.94,69,0.81,722.0,29.0,2.4,2,1,19.45,108,891.358024691358,1.0,0.0,1.0,0.0,0.0,0.0,0.0
19,1.52,56,0.96,653.0,26.3,1.6,2,1,20.91,130,680.2083333333334,0.0,0.0,1.0,0.0,0.0,0.0,0.0
44,1.78,64,1.49,1066.0,25.3,2.6,3,2,13.51,103,715.4362416107383,0.0,0.0,1.0,0.0,0.0,0.0,1.0
59,1.76,74,1.35,1123.0,26.9,3.0,3,2,28.44,113,831.8518518518518,1.0,0.0,1.0,0.0,0.0,1.0,0.0
19,1.75,64,1.2,840.0,31.0,1.7,4,2,23.64,105,700.0,0.0,0.0,0.0,0.0,0.0,0.0,0.0
43,1.88,63,1.17,822.0,29.4,3.3,3,1,20.71,113,702.5641025641027,1.0,0.0,0.0,0.0,0.0,0.0,0.0
34,1.86,62,1.42,1086.0,22.3,3.6,2,1,31.94,126,764.7887323943662,1.0,0.0,0.0,0.0,1.0,0.0,0.0
57,1.76,60,1.44,842.0,25.8,1.7,3,2,14.88,105,584.7222222222223,0.0,0.0,1.0,0.0,0.0,0.0,1.0
50,1.71,62,1.07,810.0,22.6,3.4,4,2,31.05,111,757.0093457943925,1.0,0.0,0.0,1.0,1.0,0.0,0.0
26,1.51,71,1.7,1096.0,15.1,2.7,5,3,26.01,110,644.7058823529412,0.0,0.0,1.0,0.0,0.0,1.0,0.0
56,1.73,73,0.83,482.0,25.4,2.6,3,1,15.07,92,580.722891566265,0.0,0.0,1.0,0.0,0.0,0.0,1.0
46,1.77,58,1.48,1187.0,29.1,3.6,3,2,14.36,127,802.0270270270271,1.0,0.0,0.0,0.0,0.0,0.0,1.0
59,1.62,59,1.43,885.0,23.5,3.6,3,2,34.06,139,618.8811188811189,1.0,0.0,1.0,0.0,1.0,0.0,0.0
43,1.69,53,1.14,875.0,24.1,2.9,3,2,44.71,118,767.5438596491229,1.0,0.0,0.0,0.0,1.0,0.0,0.0
52,1.72,66,1.31,927.0,20.2,2.6,3,2,23.97,128,707.6335877862596,1.0,0.0,1.0,0.0,0.0,0.0,0.0
42,1.5,63,1.15,678.0,27.7,1.5,3,2,21.87,110,589.5652173913044,0.0,1.0,0.0,0.0,0.0,0.0,0.0
41,1.79,73,1.99,1451.0,19.0,2.7,5,3,19.44,108,729.1457286432161,0.0,0.0,0.0,1.0,0.0,0.0,0.0
30,1.87,67,0.64,500.0,26.2,2.1,2,1,18.33,115,781.25,1.0,0.0,0.0,1.0,0.0,0.0,1.0
24,1.75,60,1.41,1029.0,32.5,2.0,3,1,22.76,106,729.7872340425532,0.0,0.0,0.0,0.0,0.0,0.0,0.0
53,1.59,65,1.49,1100.0,29.5,2.0,3,2,22.51,134,738.255033557047,0.0,1.0,0.0,0.0,0.0,0.0,0.0
37,1.71,50,1.13,881.0,28.1,1.7,4,2,18.13,134,779.6460176991151,0.0,0.0,0.0,1.0,0.0,0.0,1.0
18,1.55,56,0.84,525.0,29.8,2.0,3,1,30.26,116,625.0,0.0,0.0,0.0,0.0,1.0,0.0,0.0
25,1.96,59,0.67,442.0,23.2,2.3,3,1,19.91,121,659.7014925373134,1.0,0.0,1.0,0.0,0.0,0.0,0.0
33,1.99,58,1.38,949.0,28.4,3.4,2,1,28.69,111,687.6811594202899,1.0,0.0,1.0,0.0,0.0,1.0,0.0
31,1.62,74,1.56,1318.0,16.5,2.7,4,3,23.81,94,844.8717948717948,0.0,1.0,0.0,0.0,0.0,0.0,0.0
29,1.86,52,0.64,496.0,26.6,2.5,2,1,27.52,122,775.0,1.0,0.0,0.0,1.0,0.0,1.0,0.0
40,1.82,71,0.9,792.0,21.4,3.0,3,1,15.61,90,880.0,1.0,0.0,1.0,0.0,0.0,0.0,1.0
32,1.67,72,0.57,448.0,26.9,2.9,3,1,37.76,112,785.9649122807018,1.0,0.0,0.0,0.0,1.0,0.0,0.0
45,1.68,63,1.37,888.0,34.1,1.6,3,1,25.23,109,648.1751824817518,0.0,0.0,1.0,0.0,0.0,1.0,0.0
51,1.51,74,0.92,555.0,31.1,2.6,3,1,34.25,119,603.2608695652174,0.0,0.0,1.0,0.0,1.0,0.0,0.0
19,1.68,64,1.21,877.0,30.6,2.1,3,2,17.93,129,724.7933884297521,0.0,0.0,0.0,1.0,0.0,0.0,1.0
49,1.89,51,0.7,440.0,29.6,2.6,3,1,19.65,143,628.5714285714286,1.0,0.0,0.0,1.0,0.0,0.0,0.0
40,1.53,73,1.93,1380.0,18.1,2.7,5,3,26.74,124,715.0259067357513,0.0,0.0,0.0,0.0,0.0,1.0,0.0
39,1.65,63,0.92,768.0,27.6,1.7,3,1,22.26,99,834.7826086956521,0.0,1.0,0.0,0.0,0.0,0.0,0.0
42,1.97,65,1.14,886.0,22.9,2.6,3,2,19.69,100,777.1929824561404,1.0,1.0,0.0,0.0,0.0,0.0,0.0
39,1.71,56,1.88,1175.0,18.5,2.7,4,3,21.65,122,625.0,0.0,0.0,1.0,0.0,0.0,0.0,0.0
39,1.64,53,1.33,1024.0,32.4,1.5,3,2,25.51,109,769.9248120300751,0.0,0.0,0.0,0.0,0.0,1.0,0.0
59,1.88,67,1.3,1036.0,23.0,2.6,4,2,34.89,110,796.9230769230769,1.0,1.0,0.0,0.0,1.0,0.0,0.0
23,1.94,73,1.35,891.0,23.5,2.9,2,1,28.43,125,660.0,1.0,1.0,0.0,0.0,0.0,1.0,0.0
32,1.92,54,1.42,1289.0,29.9,3.5,2,1,18.53,114,907.7464788732394,1.0,0.0,1.0,0.0,0.0,0.0,0.0
54,1.6,55,1.19,830.0,26.0,2.3,4,2,18.67,116,697.4789915966387,0.0,0.0,0.0,0.0,0.0,0.0,0.0
50,1.79,56,1.6,943.0,17.0,2.7,4,3,18.23,108,589.375,0.0,1.0,0.0,0.0,0.0,0.0,1.0
25,1.71,64,1.43,1123.0,25.6,1.6,3,2,25.41,98,785.3146853146853,0.0,0.0,0.0,1.0,0.0,1.0,0.0
22,1.82,50,1.0,715.0,28.2,2.3,4,2,32.24,120,715.0,1.0,0.0,0.0,1.0,1.0,0.0,0.0
56,1.8,73,1.26,817.0,20.9,2.7,4,2,38.73,116,648.4126984126984,1.0,0.0,1.0,0.0,1.0,0.0,0.0
21,1.55,53,1.37,1103.0,31.7,1.7,4,2,22.98,110,805.1094890510948,0.0,0.0,1.0,0.0,0.0,0.0,0.0
23,1.72,74,1.25,1056.0,25.6,1.5,2,1,24.13,90,844.8,0.0,0.0,1.0,0.0,0.0,0.0,0.0
49,1.61,50,1.03,806.0,26.7,3.4,3,2,29.98,110,782.5242718446601,1.0,0.0,1.0,0.0,1.0,0.0,0.0
47,1.6,60,1.86,1160.0,14.2,3.5,5,3,34.53,126,623.6559139784946,1.0,1.0,0.0,0.0,1.0,0.0,0.0
52,1.99,67,0.93,598.0,24.0,2.0,2,1,26.46,120,643.010752688172,1.0,0.0,0.0,0.0,0.0,1.0,0.0
57,1.69,63,1.15,882.0,25.2,3.4,4,2,28.78,125,766.9565217391305,1.0,0.0,1.0,0.0,0.0,1.0,0.0
33,1.75,71,0.85,638.0,29.0,1.7,2,1,22.27,106,750.5882352941177,0.0,0.0,1.0,0.0,0.0,0.0,0.0
30,1.99,60,1.37,1145.0,23.0,3.7,3,2,23.08,111,835.7664233576642,1.0,1.0,0.0,0.0,0.0,0.0,0.0
59,1.65,59,1.22,725.0,33.0,2.2,2,1,15.46,113,594.2622950819672,0.0,0.0,1.0,0.0,0.0,0.0,1.0
47,1.76,66,1.37,845.0,27.7,2.4,3,2,22.18,95,616.7883211678832,0.0,0.0,1.0,0.0,0.0,0.0,0.0
36,1.74,53,1.5,1200.0,32.2,1.6,4,2,15.59,143,800.0,0.0,0.0,0.0,0.0,0.0,0.0,1.0
34,1.76,73,0.73,574.0,22.1,3.5,3,1,29.7,102,786.3013698630137,1.0,0.0,0.0,1.0,0.0,1.0,0.0
36,1.95,64,1.09,767.0,22.5,3.4,4,2,14.78,119,703.6697247706421,1.0,0.0,1.0,0.0,0.0,0.0,1.0
45,1.72,65,1.31,973.0,23.4,3.1,4,2,19.74,129,742.7480916030534,1.0,1.0,0.0,0.0,0.0,0.0,0.0
43,1.95,70,1.9,1505.0,12.9,3.5,5,3,21.8,111,792.1052631578948,1.0,0.0,0.0,0.0,0.0,0.0,0.0
54,1.74,62,1.24,720.0,29.5,2.1,2,1,22.1,133,580.6451612903226,0.0,1.0,0.0,0.0,0.0,0.0,0.0
43,1.85,58,1.18,707.0,27.5,3.2,2,1,19.37,112,599.1525423728814,1.0,0.0,0.0,0.0,0.0,0.0,0.0
40,1.93,60,1.38,1192.0,22.1,2.0,3,1,25.13,128,863.768115942029,1.0,0.0,0.0,0.0,0.0,1.0,0.0
26,1.5,60,1.93,1293.0,15.1,2.7,5,3,28.49,134,669.9481865284974,0.0,0.0,1.0,0.0,0.0,1.0,0.0
29,1.62,55,1.52,1020.0,13.9,3.5,4,3,33.04,119,671.0526315789474,1.0,0.0,1.0,0.0,1.0,0.0,0.0
18,1.59,50,1.23,996.0,33.2,2.2,4,2,24.52,140,809.7560975609756,0.0,0.0,1.0,0.0,0.0,0.0,0.0
18,1.61,71,1.9,1425.0,15.3,2.7,4,3,22.41,104,750.0,0.0,0.0,0.0,1.0,0.0,0.0,0.0
51,1.6,55,1.49,838.0,31.1,2.5,4,2,25.35,114,562.4161073825503,0.0,0.0,0.0,1.0,0.0,1.0,0.0
49,1.62,62,1.14,626.0,28.8,1.9,4,2,26.41,129,549.1228070175439,0.0,1.0,0.0,0.0,0.0,1.0,0.0
42,1.74,71,1.04,608.0,32.9,1.6,3,1,14.1,90,584.6153846153846,0.0,0.0,1.0,0.0,0.0,0.0,1.0
57,1.63,73,1.2,724.0,33.7,2.0,4,2,19.35,110,603.3333333333334,0.0,0.0,0.0,1.0,0.0,0.0,0.0
18,1.6,71,0.6,492.0,33.5,2.4,3,1,26.33,111,820.0,0.0,0.0,1.0,0.0,0.0,1.0,0.0
33,1.61,54,1.77,1301.0,18.9,2.7,4,3,21.45,107,735.0282485875706,0.0,0.0,0.0,1.0,0.0,0.0,0.0
56,1.86,64,1.0,639.0,22.7,2.2,3,2,36.22,133,639.0,1.0,0.0,0.0,1.0,1.0,0.0,0.0
22,1.85,67,1.48,1278.0,28.1,2.4,4,2,29.83,123,863.5135135135135,1.0,0.0,0.0,0.0,0.0,1.0,0.0
39,1.77,69,1.32,1205.0,25.3,2.3,3,1,19.76,130,912.8787878787879,1.0,0.0,1.0,0.0,0.0,0.0,0.0
46,1.64,63,1.4,1171.0,20.5,3.4,3,1,40.45,122,836.4285714285714,1.0,0.0,1.0,0.0,1.0,0.0,0.0
20,1.58,64,0.5,422.0,29.6,1.6,2,1,20.47,124,844.0,0.0,0.0,0.0,1.0,0.0,0.0,0.0
29,1.99,54,1.45,1005.0,29.4,3.2,2,1,20.63,108,693.1034482758621,1.0,0.0,1.0,0.0,0.0,0.0,0.0
43,1.66,53,0.73,440.0,33.9,1.9,2,1,15.5,120,602.7397260273973,0.0,0.0,0.0,1.0,0.0,0.0,1.0
33,1.99,51,1.59,1198.0,10.5,3.5,4,3,20.66,133,753.4591194968554,1.0,0.0,1.0,0.0,0.0,0.0,0.0
54,1.76,56,1.28,868.0,27.4,3.3,4,2,17.63,104,678.125,1.0,0.0,0.0,0.0,0.0,0.0,1.0
39,1.88,59,0.72,634.0,28.1,3.6,2,1,30.47,103,880.5555555555555,1.0,0.0,1.0,0.0,1.0,0.0,0.0
46,1.6,65,0.88,566.0,27.7,1.6,3,1,22.23,120,643.1818181818181,0.0,0.0,0.0,0.0,0.0,0.0,0.0
31,1.71,59,1.49,992.0,24.7,2.5,4,2,26.95,118,665.771812080537,1.0,1.0,0.0,0.0,0.0,1.0,0.0
45,1.64,67,1.25,894.0,32.1,2.5,4,2,17.92,101,715.2,0.0,0.0,1.0,0.0,0.0,0.0,1.0
22,1.59,66,1.27,883.0,29.4,1.8,3,2,20.05,131,695.275590551181,0.0,0.0,1.0,0.0,0.0,0.0,0.0
47,1.99,70,1.98,1500.0,10.6,3.5,4,3,21.87,112,757.5757575757576,1.0,0.0,1.0,0.0,0.0,0.0,0.0
22,1.63,62,1.35,1203.0,27.1,2.4,4,2,36.25,118,891.1111111111111,1.0,0.0,0.0,0.0,1.0,0.0,0.0
29,1.98,50,1.65,1316.0,14.6,3.5,5,3,20.61,110,797.5757575757576,1.0,0.0,1.0,0.0,0.0,0.0,0.0
33,1.53,50,1.84,1159.0,18.3,2.7,5,3,24.78,130,629.891304347826,0.0,0.0,1.0,0.0,0.0,0.0,0.0
43,1.85,64,1.28,995.0,27.7,3.4,2,1,28.02,122,777.34375,1.0,0.0,0.0,1.0,0.0,1.0,0.0
43,1.58,50,1.86,1247.0,16.8,2.7,5,3,24.64,115,670.4301075268817,0.0,1.0,0.0,0.0,0.0,0.0,0.0
38,1.79,55,0.62,499.0,26.8,2.7,2,1,12.67,140,804.8387096774194,0.0,0.0,0.0,0.0,0.0,0.0,1.0
56,1.87,74,1.51,927.0,13.2,3.5,5,3,23.59,113,613.9072847682119,1.0,0.0,0.0,1.0,0.0,0.0,0.0
53,1.84,62,0.69,444.0,23.3,2.9,3,1,31.04,114,643.4782608695652,1.0,0.0,0.0,0.0,1.0,0.0,0.0
50,1.58,50,1.93,1042.0,19.3,2.7,5,3,23.27,149,539.8963730569949,0.0,0.0,0.0,1.0,0.0,0.0,0.0
47,1.76,54,1.54,1060.0,15.6,2.7,5,3,19.69,108,688.3116883116883,0.0,1.0,0.0,0.0,0.0,0.0,0.0
54,1.53,58,1.74,940.0,17.2,2.7,4,3,27.55,113,540.2298850574713,0.0,0.0,0.0,1.0,0.0,1.0,0.0
40,1.98,74,1.43,1085.0,24.0,2.5,3,2,14.85,124,758.7412587412588,1.0,0.0,0.0,0.0,0.0,0.0,1.0
27,1.76,66,0.94,569.0,34.4,2.0,3,1,22.44,105,605.3191489361702,0.0,0.0,1.0,0.0,0.0,0.0,0.0
22,1.84,65,0.51,393.0,21.5,2.3,3,1,18.37,96,770.5882352941177,1.0,0.0,1.0,0.0,0.0,0.0,1.0
53,1.7,57,1.06,663.0,25.1,2.4,4,2,23.53,124,625.4716981132075,0.0,1.0,0.0,0.0,0.0,0.0,0.0
51,1.5,66,1.43,914.0,27.4,2.4,3,1,25.02,116,639.1608391608391,0.0,0.0,0.0,0.0,0.0,1.0,0.0
48,1.7,64,1.01,700.0,28.2,3.5,3,2,32.7,125,693.0693069306931,1.0,0.0,0.0,0.0,1.0,0.0,0.0
27,1.79,73,1.39,994.0,27.1,1.5,2,1,18.1,91,715.1079136690648,0.0,0.0,0.0,0.0,0.0,0.0,1.0
36,1.94,50,1.8,1218.0,11.2,3.5,5,3,22.32,118,676.6666666666666,1.0,1.0,0.0,0.0,0.0,0.0,0.0
49,1.87,61,1.14,739.0,21.3,3.0,4,2,17.44,119,648.2456140350878,1.0,0.0,1.0,0.0,0.0,0.0,1.0
18,1.53,54,1.98,1396.0,18.6,2.7,5,3,27.68,116,705.0505050505051,0.0,0.0,0.0,1.0,0.0,1.0,0.0
22,1.77,73,1.04,795.0,20.7,2.4,3,1,14.59,91,764.4230769230769,1.0,1.0,0.0,0.0,0.0,0.0,1.0
21,1.9,55,1.8,1356.0,11.7,3.5,4,3,22.41,139,753.3333333333334,1.0,0.0,0.0,1.0,0.0,0.0,0.0
33,1.63,74,1.58,948.0,16.4,2.7,5,3,24.13,112,600.0,0.0,0.0,1.0,0.0,0.0,0.0,0.0
41,1.77,50,1.22,900.0,25.6,2.6,3,2,21.39,111,737.7049180327868,1.0,1.0,0.0,0.0,0.0,0.0,0.0
33,1.6,74,1.4,1170.0,27.3,3.3,4,2,41.6,109,835.7142857142858,1.0,0.0,1.0,0.0,1.0,0.0,0.0
19,1.85,50,1.21,952.0,25.3,2.3,4,2,27.79,140,786.7768595041323,1.0,0.0,0.0,1.0,0.0,1.0,0.0
45,1.57,59,0.66,395.0,34.3,2.3,2,1,26.57,133,598.4848484848485,0.0,0.0,0.0,0.0,0.0,1.0,0.0
49,1.64,59,1.2,921.0,29.5,3.1,3,2,39.3,139,767.5,1.0,0.0,0.0,0.0,1.0,0.0,0.0
44,1.76,52,0.88,491.0,28.6,2.6,2,1,15.5,137,557.9545454545455,0.0,0.0,0.0,1.0,0.0,0.0,1.0
37,1.5,66,0.69,448.0,32.8,2.4,2,1,30.89,130,649.2753623188406,0.0,0.0,0.0,0.0,1.0,0.0,0.0
41,1.69,68,0.77,545.0,27.4,3.4,2,1,23.14,119,707.7922077922078,1.0,0.0,0.0,1.0,0.0,0.0,0.0
29,1.7,60,0.76,627.0,28.9,2.9,2,1,23.53,130,825.0,1.0,1.0,0.0,0.0,0.0,0.0,0.0
52,1.78,67,0.85,555.0,24.5,2.3,2,1,15.88,103,652.9411764705883,1.0,1.0,0.0,0.0,0.0,0.0,1.0
50,1.68,51,1.2,729.0,30.3,2.0,2,1,24.55,131,607.5,0.0,1.0,0.0,0.0,0.0,0.0,0.0
50,1.63,58,1.7,1203.0,12.1,3.5,4,3,32.63,103,707.6470588235294,1.0,0.0,0.0,0.0,1.0,0.0,0.0
54,1.94,73,1.35,882.0,28.5,2.9,3,2,33.45,126,653.3333333333333,1.0,0.0,1.0,0.0,1.0,0.0,0.0
29,1.93,66,1.88,1479.0,11.1,3.5,5,3,23.65,120,786.7021276595746,1.0,0.0,0.0,0.0,0.0,0.0,0.0
20,1.82,63,1.25,997.0,22.4,3.2,3,2,37.53,131,797.6,1.0,0.0,0.0,0.0,1.0,0.0,0.0
18,1.85,53,0.88,586.0,23.7,3.0,3,1,18.12,108,665.9090909090909,1.0,0.0,1.0,0.0,0.0,0.0,1.0
50,1.72,66,1.24,753.0,27.3,2.0,4,2,23.56,132,607.258064516129,0.0,0.0,1.0,0.0,0.0,0.0,0.0
57,1.52,66,1.31,926.0,30.6,1.8,3,2,26.36,130,706.8702290076336,0.0,0.0,1.0,0.0,0.0,1.0,0.0
27,1.97,61,1.13,1025.0,21.3,2.3,2,1,19.71,119,907.0796460176992,1.0,0.0,1.0,0.0,0.0,0.0,0.0
46,1.82,69,1.47,873.0,23.2,3.2,3,2,28.59,95,593.8775510204082,1.0,0.0,0.0,0.0,0.0,1.0,0.0
30,1.75,67,1.25,1155.0,29.1,3.1,2,1,22.17,113,924.0,1.0,0.0,0.0,1.0,0.0,0.0,0.0
29,1.87,52,1.31,937.0,24.1,3.2,4,2,34.63,136,715.267175572519,1.0,1.0,0.0,0.0,1.0,0.0,0.0
48,1.64,60,1.46,1012.0,32.5,1.9,4,2,26.58,119,693.1506849315068,0.0,0.0,0.0,1.0,0.0,1.0,0.0
19,1.7,74,0.83,740.0,21.1,2.4,2,1,34.12,123,891.566265060241,1.0,0.0,0.0,0.0,1.0,0.0,0.0
52,1.63,67,1.17,779.0,27.5,2.4,3,1,25.67,112,665.8119658119658,0.0,0.0,1.0,0.0,0.0,1.0,0.0
40,1.69,53,1.18,920.0,33.1,2.4,4,2,20.2,131,779.6610169491526,0.0,1.0,0.0,0.0,0.0,0.0,0.0
34,1.63,66,1.41,1055.0,27.6,2.8,3,2,46.9,95,748.2269503546099,1.0,1.0,0.0,0.0,1.0,0.0,0.0
43,1.59,67,1.31,931.0,28.9,2.2,3,1,28.88,124,710.6870229007633,0.0,0.0,0.0,1.0,0.0,1.0,0.0
25,1.51,54,1.62,1304.0,19.8,2.7,5,3,26.05,131,804.9382716049382,0.0,0.0,0.0,0.0,0.0,1.0,0.0
46,1.65,63,0.7,463.0,34.1,1.9,2,1,19.1,102,661.4285714285714,0.0,0.0,0.0,0.0,0.0,0.0,0.0
43,1.65,59,1.33,886.0,34.6,2.3,3,2,15.5,103,666.1654135338346,0.0,0.0,0.0,0.0,0.0,0.0,1.0
27,1.64,64,1.82,1622.0,12.1,3.5,4,3,33.2,128,891.2087912087911,1.0,1.0,0.0,0.0,1.0,0.0,0.0
43,1.76,50,1.09,658.0,22.0,3.4,3,1,35.51,110,603.6697247706421,1.0,0.0,0.0,1.0,1.0,0.0,0.0
51,1.58,65,0.86,499.0,31.3,2.3,3,1,26.52,99,580.232558139535,0.0,1.0,0.0,0.0,0.0,1.0,0.0
58,1.66,60,1.21,964.0,26.8,2.9,2,1,21.27,112,796.6942148760331,1.0,1.0,0.0,0.0,0.0,0.0,0.0
24,1.67,72,0.97,710.0,21.3,2.8,3,1,18.29,106,731.9587628865979,1.0,0.0,1.0,0.0,0.0,0.0,1.0
21,1.95,69,0.97,699.0,27.9,3.1,3,1,26.69,102,720.6185567010309,1.0,0.0,0.0,1.0,0.0,1.0,0.0
28,1.87,55,1.05,959.0,20.2,3.2,3,2,32.66,129,913.3333333333333,1.0,0.0,1.0,0.0,1.0,0.0,0.0
46,1.72,73,0.91,725.0,24.8,2.9,2,1,18.39,121,796.7032967032967,1.0,0.0,0.0,0.0,0.0,0.0,1.0
53,1.57,71,1.34,898.0,28.3,2.2,3,2,21.26,100,670.1492537313433,0.0,1.0,0.0,0.0,0.0,0.0,0.0
42,1.81,65,1.54,1151.0,13.7,3.5,5,3,26.01,124,747.4025974025974,1.0,0.0,0.0,1.0,0.0,1.0,0.0
38,1.74,51,1.66,1379.0,11.6,3.5,5,3,27.61,113,830.722891566265,1.0,0.0,0.0,0.0,0.0,1.0,0.0
53,1.92,50,1.36,1084.0,28.3,2.2,4,2,31.3,143,797.0588235294117,1.0,0.0,0.0,1.0,1.0,0.0,0.0
27,1.97,73,0.74,615.0,25.9,3.6,3,1,18.35,108,831.081081081081,1.0,1.0,0.0,0.0,0.0,0.0,1.0
54,1.6,73,1.1,718.0,32.9,2.4,4,2,30.51,125,652.7272727272726,0.0,0.0,0.0,1.0,1.0,0.0,0.0
26,1.65,58,1.07,642.0,34.9,1.9,4,2,19.91,114,600.0,0.0,0.0,0.0,0.0,0.0,0.0,0.0
41,1.76,71,1.27,920.0,31.8,2.2,4,2,25.05,91,724.4094488188977,0.0,0.0,1.0,0.0,0.0,1.0,0.0
52,1.62,61,1.41,768.0,34.8,1.6,3,1,16.8,118,544.6808510638298,0.0,1.0,0.0,0.0,0.0,0.0,1.0
52,1.8,66,1.7,1144.0,10.1,3.5,5,3,26.39,124,672.9411764705883,1.0,0.0,1.0,0.0,0.0,1.0,0.0
53,1.76,74,1.06,711.0,28.4,1.5,4,2,15.43,90,670.754716981132,0.0,1.0,0.0,0.0,0.0,0.0,1.0
35,1.94,64,0.84,730.0,21.1,2.4,2,1,27.23,119,869.047619047619,1.0,0.0,0.0,0.0,0.0,1.0,0.0
56,1.9,68,0.66,412.0,22.6,3.2,2,1,32.69,131,624.2424242424242,1.0,1.0,0.0,0.0,1.0,0.0,0.0
49,1.84,71,1.29,932.0,28.4,3.4,4,2,24.31,121,722.4806201550388,1.0,0.0,1.0,0.0,0.0,0.0,0.0
41,1.87,59,1.87,1185.0,10.2,3.5,5,3,23.33,108,633.6898395721925,1.0,1.0,0.0,0.0,0.0,0.0,0.0
40,1.88,61,1.22,946.0,25.2,3.0,3,2,17.03,122,775.4098360655738,1.0,0.0,0.0,0.0,0.0,0.0,1.0
49,1.54,63,1.28,881.0,30.7,2.1,3,2,20.75,116,688.28125,0.0,1.0,0.0,0.0,0.0,0.0,0.0
54,1.5,58,1.38,1025.0,30.6,2.0,2,1,20.71,117,742.7536231884059,0.0,0.0,1.0,0.0,0.0,0.0,0.0
29,1.72,62,1.08,907.0,29.8,1.7,4,2,23.22,109,839.8148148148148,0.0,0.0,0.0,0.0,0.0,0.0,0.0
30,1.55,52,1.3,780.0,32.9,1.6,3,2,25.22,120,600.0,0.0,0.0,1.0,0.0,0.0,1.0,0.0
40,1.61,70,0.87,612.0,21.3,3.3,2,1,20.1,128,703.448275862069,1.0,1.0,0.0,0.0,0.0,0.0,0.0
42,1.77,63,0.61,382.0,28.1,2.6,2,1,14.87,121,626.2295081967213,0.0,0.0,0.0,1.0,0.0,0.0,1.0
52,1.74,70,1.48,1011.0,26.2,2.8,4,2,21.63,121,683.1081081081081,1.0,0.0,1.0,0.0,0.0,0.0,0.0
58,1.57,59,1.08,753.0,31.9,2.3,3,1,17.93,124,697.2222222222222,0.0,1.0,0.0,0.0,0.0,0.0,1.0
47,1.84,65,1.44,1133.0,24.0,3.6,3,2,26.32,103,786.8055555555555,1.0,0.0,0.0,1.0,0.0,1.0,0.0
34,1.62,56,0.81,731.0,28.8,2.2,2,1,25.11,143,902.469135802469,1.0,0.0,0.0,1.0,0.0,1.0,0.0
37,1.57,53,0.97,597.0,29.2,2.4,2,1,22.56,129,615.4639175257732,0.0,0.0,0.0,0.0,0.0,0.0,0.0
42,1.98,69,1.37,868.0,24.0,3.0,2,1,16.25,103,633.5766423357663,1.0,0.0,0.0,1.0,0.0,0.0,1.0
39,1.82,72,1.96,1725.0,10.2,3.5,5,3,26.02,119,880.1020408163265,1.0,0.0,1.0,0.0,0.0,1.0,0.0
30,1.63,74,1.85,1304.0,17.8,2.7,4,3,22.28,100,704.8648648648648,0.0,0.0,1.0,0.0,0.0,0.0,0.0
36,1.88,60,1.98,1492.0,13.5,3.5,5,3,24.16,135,753.5353535353536,1.0,0.0,0.0,1.0,0.0,0.0,0.0
53,1.55,65,1.41,831.0,26.1,2.2,4,2,28.35,99,589.3617021276596,0.0,1.0,0.0,0.0,0.0,1.0,0.0
29,1.62,69,0.85,684.0,28.1,1.9,2,1,22.86,112,804.7058823529412,0.0,0.0,1.0,0.0,0.0,0.0,0.0
58,1.69,53,1.28,933.0,32.8,2.3,4,2,26.19,122,728.90625,0.0,0.0,1.0,0.0,0.0,1.0,0.0
36,1.65,71,1.38,1199.0,23.7,3.4,4,2,33.17,98,868.840579710145,1.0,0.0,0.0,0.0,1.0,0.0,0.0
29,1.65,71,1.66,1169.0,11.2,3.5,4,3,31.63,112,704.2168674698795,1.0,1.0,0.0,0.0,1.0,0.0,0.0
26,1.66,72,0.93,639.0,26.7,2.2,2,1,26.75,105,687.0967741935483,1.0,0.0,0.0,1.0,0.0,1.0,0.0
24,1.56,66,1.42,980.0,27.0,2.1,3,2,27.82,111,690.1408450704225,0.0,1.0,0.0,0.0,0.0,1.0,0.0
45,1.96,62,1.29,1066.0,29.0,2.2,3,1,20.38,104,826.3565891472869,1.0,0.0,0.0,0.0,0.0,0.0,0.0
31,1.65,60,1.1,913.0,26.1,2.5,2,1,17.7,103,829.9999999999999,0.0,0.0,0.0,0.0,0.0,0.0,1.0
48,1.51,52,1.37,777.0,32.1,2.1,4,2,24.91,133,567.1532846715328,0.0,1.0,0.0,0.0,0.0,1.0,0.0
36,1.63,58,1.02,757.0,25.0,3.4,4,2,42.3,106,742.156862745098,1.0,0.0,0.0,0.0,1.0,0.0,0.0
33,1.67,55,0.9,558.0,33.7,1.9,3,1,21.16,120,620.0,0.0,0.0,0.0,0.0,0.0,0.0,0.0
22,1.88,71,0.52,386.0,21.3,2.2,2,1,27.84,123,742.3076923076923,1.0,0.0,0.0,0.0,0.0,1.0,0.0
52,1.6,70,1.34,796.0,26.8,2.1,4,2,25.98,115,594.0298507462686,1.0,1.0,0.0,0.0,0.0,1.0,0.0
29,1.81,60,1.29,1107.0,25.7,2.5,4,2,32.51,117,858.1395348837209,1.0,0.0,0.0,0.0,1.0,0.0,0.0
42,1.93,65,1.68,1314.0,12.4,3.5,4,3,23.73,123,782.1428571428572,1.0,0.0,0.0,1.0,0.0,0.0,0.0
38,1.79,68,1.74,1321.0,12.5,3.5,5,3,27.59,114,759.1954022988506,1.0,0.0,0.0,1.0,0.0,1.0,0.0
53,1.74,54,1.37,962.0,32.2,1.8,3,2,17.6,119,702.1897810218977,0.0,0.0,1.0,0.0,0.0,0.0,1.0
40,1.56,63,0.61,415.0,34.4,2.2,2,1,23.87,111,680.327868852459,0.0,0.0,0.0,1.0,0.0,0.0,0.0
33,1.76,66,1.15,834.0,25.9,1.5,4,2,23.95,126,725.2173913043479,0.0,0.0,1.0,0.0,0.0,0.0,0.0
56,1.63,52,1.01,705.0,20.2,2.9,4,2,31.84,132,698.019801980198,1.0,1.0,0.0,0.0,1.0,0.0,0.0
59,1.92,53,0.72,453.0,28.1,2.7,3,1,21.16,127,629.1666666666667,1.0,0.0,0.0,0.0,0.0,0.0,0.0
56,1.68,65,1.77,1332.0,10.5,3.5,5,3,31.53,111,752.542372881356,1.0,0.0,0.0,1.0,1.0,0.0,0.0
31,1.76,65,1.46,883.0,34.9,2.2,3,1,13.78,117,604.7945205479452,0.0,0.0,1.0,0.0,0.0,0.0,1.0
48,1.82,70,1.9,1401.0,13.1,3.5,5,3,25.33,106,737.3684210526316,1.0,1.0,0.0,0.0,0.0,1.0,0.0
22,1.52,74,1.45,1204.0,31.5,2.3,3,2,34.06,99,830.344827586207,0.0,0.0,1.0,0.0,1.0,0.0,0.0
52,1.52,53,1.27,794.0,27.0,2.3,4,2,28.52,135,625.1968503937007,0.0,0.0,0.0,0.0,0.0,1.0,0.0
40,1.92,68,1.13,851.0,22.4,3.7,4,2,20.86,111,753.0973451327434,1.0,0.0,0.0,1.0,0.0,0.0,0.0
46,2.0,66,1.83,1467.0,13.3,3.5,5,3,21.07,123,801.639344262295,1.0,1.0,0.0,0.0,0.0,0.0,0.0
28,1.6,62,1.1,710.0,34.1,1.7,3,2,24.37,116,645.4545454545454,0.0,0.0,1.0,0.0,0.0,0.0,0.0
35,1.74,71,1.03,810.0,29.8,2.7,4,2,21.04,127,786.4077669902913,1.0,1.0,0.0,0.0,0.0,0.0,0.0
29,1.52,72,1.48,910.0,27.0,2.0,3,1,23.76,100,614.8648648648649,0.0,0.0,1.0,0.0,0.0,0.0,0.0
26,1.79,73,1.17,1004.0,21.3,2.7,3,2,23.84,104,858.1196581196582,1.0,0.0,1.0,0.0,0.0,0.0,0.0
27,1.86,50,1.34,907.0,20.6,3.1,2,1,30.76,132,676.865671641791,1.0,0.0,0.0,0.0,1.0,0.0,0.0
34,1.5,61,1.37,904.0,33.7,2.1,4,2,30.4,131,659.8540145985401,0.0,0.0,0.0,0.0,1.0,0.0,0.0
55,1.86,53,1.36,969.0,22.9,2.9,4,2,18.35,145,712.5,1.0,0.0,1.0,0.0,0.0,0.0,1.0
24,1.5,60,1.25,825.0,25.0,2.0,3,2,26.4,139,660.0,0.0,0.0,0.0,1.0,0.0,1.0,0.0
30,1.91,54,1.27,957.0,22.2,3.7,3,1,31.08,123,753.5433070866142,1.0,1.0,0.0,0.0,1.0,0.0,0.0
57,1.52,51,0.92,592.0,28.4,2.6,3,1,26.79,117,643.4782608695651,0.0,1.0,0.0,0.0,0.0,1.0,0.0
59,1.68,66,1.17,637.0,34.9,1.9,3,2,25.05,126,544.4444444444445,0.0,0.0,0.0,0.0,0.0,1.0,0.0
26,1.9,57,1.02,937.0,25.2,2.2,2,1,30.89,134,918.6274509803922,1.0,0.0,0.0,1.0,1.0,0.0,0.0
44,1.66,55,1.4,958.0,27.0,2.5,2,1,26.16,121,684.2857142857143,0.0,0.0,1.0,0.0,0.0,1.0,0.0
19,1.87,70,0.61,463.0,23.3,3.7,3,1,16.27,108,759.016393442623,1.0,0.0,0.0,0.0,0.0,0.0,1.0
22,1.9,58,1.91,1345.0,11.7,3.5,5,3,23.88,128,704.1884816753927,1.0,0.0,1.0,0.0,0.0,0.0,0.0
46,1.68,62,1.16,844.0,20.2,2.5,4,2,21.05,103,727.5862068965517,1.0,0.0,1.0,0.0,0.0,0.0,0.0
54,1.72,60,0.97,672.0,26.4,1.9,3,1,25.55,134,692.7835051546392,0.0,0.0,0.0,0.0,0.0,1.0,0.0
55,1.73,65,1.08,768.0,32.0,2.6,3,1,25.49,131,711.1111111111111,0.0,0.0,0.0,1.0,0.0,1.0,0.0
36,1.86,65,1.37,972.0,21.2,3.2,3,1,27.69,128,709.4890510948904,1.0,1.0,0.0,0.0,0.0,1.0,0.0
25,1.83,51,1.04,686.0,22.3,2.5,3,2,36.01,128,659.6153846153846,1.0,0.0,0.0,0.0,1.0,0.0,0.0
18,1.55,59,1.42,1143.0,28.5,2.2,3,2,27.18,125,804.9295774647887,0.0,0.0,0.0,1.0,0.0,1.0,0.0
39,1.89,61,0.77,593.0,27.6,3.6,2,1,23.88,102,770.1298701298701,1.0,0.0,1.0,0.0,0.0,0.0,0.0
34,1.68,57,0.67,472.0,25.8,3.4,2,1,24.09,112,704.4776119402985,1.0,0.0,0.0,0.0,0.0,0.0,0.0
24,1.57,60,1.29,1071.0,31.9,2.4,2,1,21.34,109,830.2325581395348,0.0,1.0,0.0,0.0,0.0,0.0,0.0
42,1.77,59,1.32,876.0,25.7,3.3,3,2,20.2,124,663.6363636363636,1.0,1.0,0.0,0.0,0.0,0.0,0.0
21,1.65,62,1.14,878.0,31.8,1.7,3,2,28.03,118,770.1754385964913,0.0,0.0,1.0,0.0,0.0,1.0,0.0
53,1.63,74,0.54,331.0,20.0,3.4,3,1,22.96,96,612.9629629629629,1.0,0.0,0.0,0.0,0.0,0.0,0.0
23,1.61,66,1.34,1072.0,34.3,1.8,2,1,26.16,120,800.0,0.0,1.0,0.0,0.0,0.0,1.0,0.0
48,1.86,56,1.36,949.0,21.1,3.6,3,1,33.21,119,697.7941176470588,1.0,0.0,0.0,0.0,1.0,0.0,0.0
36,1.71,73,1.87,1646.0,12.0,3.5,5,3,30.09,112,880.2139037433154,1.0,1.0,0.0,0.0,1.0,0.0,0.0
56,1.58,52,1.45,927.0,32.7,1.9,2,1,27.12,137,639.3103448275863,0.0,0.0,1.0,0.0,0.0,1.0,0.0
44,1.85,69,1.35,842.0,24.4,3.5,4,2,36.46,106,623.7037037037037,1.0,0.0,1.0,0.0,1.0,0.0,0.0
27,1.58,62,1.26,895.0,34.5,1.8,4,2,21.23,104,710.3174603174604,0.0,0.0,0.0,0.0,0.0,0.0,0.0
43,1.88,68,1.03,831.0,24.7,2.9,3,1,17.32,107,806.7961165048544,1.0,0.0,0.0,1.0,0.0,0.0,1.0
36,1.68,56,1.23,886.0,33.7,1.6,3,1,17.25,138,720.3252032520326,0.0,0.0,0.0,1.0,0.0,0.0,1.0
56,1.7,58,1.29,848.0,33.1,2.3,2,1,17.51,117,657.3643410852713,0.0,0.0,1.0,0.0,0.0,0.0,1.0
20,1.73,68,1.27,1016.0,34.8,2.5,3,2,24.26,131,800.0,0.0,1.0,0.0,0.0,0.0,0.0,0.0
30,1.56,62,1.03,644.0,34.3,2.4,4,2,28.93,109,625.2427184466019,0.0,0.0,0.0,1.0,0.0,1.0,0.0
45,1.88,71,1.08,818.0,29.0,2.9,4,2,14.85,123,757.4074074074074,1.0,0.0,1.0,0.0,0.0,0.0,1.0
37,1.77,57,1.36,957.0,27.3,2.1,4,2,24.35,123,703.6764705882352,1.0,1.0,0.0,0.0,0.0,0.0,0.0
45,1.58,71,1.47,1111.0,28.7,2.6,2,1,16.5,124,755.7823129251701,0.0,1.0,0.0,0.0,0.0,0.0,1.0
25,1.76,67,1.56,1186.0,15.5,2.7,4,3,17.85,109,760.2564102564103,0.0,0.0,0.0,1.0,0.0,0.0,1.0
58,1.67,72,1.38,776.0,31.9,2.3,4,2,17.82,119,562.3188405797102,0.0,0.0,1.0,0.0,0.0,0.0,1.0
56,1.87,51,0.68,525.0,29.8,3.3,3,1,13.81,114,772.0588235294117,1.0,1.0,0.0,0.0,0.0,0.0,1.0
18,1.96,67,1.83,1510.0,13.6,3.5,4,3,21.66,116,825.1366120218579,1.0,1.0,0.0,0.0,0.0,0.0,0.0
20,1.73,67,1.01,850.0,29.3,3.4,3,2,40.26,119,841.5841584158416,1.0,0.0,0.0,0.0,1.0,0.0,0.0
30,2.0,60,1.24,1091.0,28.0,3.3,4,2,30.4,119,879.8387096774194,1.0,0.0,0.0,0.0,1.0,0.0,0.0
45,1.75,50,1.14,759.0,26.6,2.0,4,2,23.84,134,665.7894736842106,0.0,0.0,0.0,1.0,0.0,0.0,0.0
42,1.67,63,1.76,1053.0,16.2,2.7,5,3,20.62,98,598.2954545454545,0.0,0.0,0.0,0.0,0.0,0.0,0.0
50,1.53,65,1.41,983.0,28.4,2.4,4,2,18.24,103,697.1631205673759,0.0,0.0,1.0,0.0,0.0,0.0,1.0
55,1.73,60,0.69,529.0,21.7,3.1,3,1,43.4,127,766.6666666666667,1.0,0.0,0.0,1.0,1.0,0.0,0.0
23,1.92,50,0.89,656.0,25.8,3.5,2,1,29.46,147,737.0786516853932,1.0,0.0,0.0,1.0,0.0,1.0,0.0
49,2.0,56,1.83,1150.0,14.9,3.5,4,3,22.15,106,628.4153005464481,1.0,0.0,0.0,0.0,0.0,0.0,0.0
38,1.51,65,1.25,906.0,32.6,2.5,3,1,21.8,114,724.8,0.0,1.0,0.0,0.0,0.0,0.0,0.0
33,1.54,63,1.06,822.0,29.2,1.5,3,1,23.78,102,775.4716981132075,0.0,0.0,1.0,0.0,0.0,0.0,0.0
38,1.74,64,1.03,946.0,20.0,2.6,4,2,15.49,134,918.4466019417475,1.0,0.0,1.0,0.0,0.0,0.0,1.0
28,1.67,63,1.46,1022.0,28.1,1.5,4,2,25.57,129,700.0,0.0,0.0,1.0,0.0,0.0,1.0,0.0
54,1.86,70,1.14,830.0,25.3,2.2,3,2,20.7,90,728.0701754385966,1.0,0.0,0.0,1.0,0.0,0.0,0.0
53,1.61,60,1.87,1139.0,11.6,3.5,5,3,31.75,136,609.090909090909,1.0,0.0,1.0,0.0,1.0,0.0,0.0
52,1.69,65,1.36,826.0,26.1,2.2,3,1,24.72,100,607.3529411764705,0.0,1.0,0.0,0.0,0.0,0.0,0.0
36,1.62,68,0.84,651.0,24.4,3.5,3,1,41.84,125,775.0,1.0,1.0,0.0,0.0,1.0,0.0,0.0
37,1.69,66,0.54,354.0,27.5,1.6,2,1,25.73,108,655.5555555555555,0.0,0.0,0.0,0.0,0.0,1.0,0.0
35,1.85,55,1.78,1322.0,14.5,3.5,5,3,25.01,130,742.6966292134831,1.0,0.0,1.0,0.0,0.0,1.0,0.0
58,1.68,60,1.03,737.0,26.0,2.0,4,2,26.43,113,715.5339805825242,0.0,0.0,0.0,1.0,0.0,1.0,0.0
31,1.8,66,0.59,463.0,25.5,2.6,2,1,19.51,100,784.7457627118645,0.0,0.0,0.0,0.0,0.0,0.0,0.0
32,1.63,58,1.67,1344.0,15.0,2.7,5,3,23.56,132,804.7904191616767,0.0,1.0,0.0,0.0,0.0,0.0,0.0
48,1.76,67,1.81,1398.0,11.6,3.5,5,3,28.12,116,772.3756906077348,1.0,0.0,1.0,0.0,0.0,1.0,0.0
18,1.84,66,1.73,1408.0,13.3,3.5,5,3,24.31,124,813.8728323699422,1.0,1.0,0.0,0.0,0.0,0.0,0.0
20,1.78,61,1.71,1171.0,18.7,2.7,4,3,20.29,127,684.7953216374269,0.0,0.0,0.0,0.0,0.0,0.0,0.0
33,1.66,72,1.25,806.0,29.5,2.5,3,1,19.49,119,644.8,0.0,1.0,0.0,0.0,0.0,0.0,0.0
40,2.0,71,1.42,1257.0,26.8,2.9,4,2,15.75,105,885.2112676056338,1.0,0.0,1.0,0.0,0.0,0.0,1.0
28,1.86,71,1.06,921.0,23.6,3.3,4,2,37.11,102,868.8679245283018,1.0,0.0,1.0,0.0,1.0,0.0,0.0
29,1.89,54,1.75,1319.0,13.3,3.5,5,3,24.64,145,753.7142857142857,1.0,0.0,0.0,0.0,0.0,0.0,0.0
27,1.52,60,1.19,714.0,25.4,2.1,4,2,27.57,135,600.0,0.0,0.0,1.0,0.0,0.0,1.0,0.0
49,1.87,53,1.29,1009.0,23.9,2.3,4,2,23.94,130,782.1705426356589,1.0,1.0,0.0,0.0,0.0,0.0,0.0
33,1.75,53,1.4,1078.0,27.9,2.2,3,2,33.5,133,770.0,1.0,1.0,0.0,0.0,1.0,0.0,0.0
25,1.55,52,0.55,330.0,33.0,1.7,2,1,32.34,132,600.0,0.0,0.0,0.0,1.0,1.0,0.0,0.0
55,1.88,73,1.19,789.0,27.2,2.6,4,2,24.76,118,663.0252100840337,1.0,0.0,0.0,1.0,0.0,0.0,0.0
29,1.86,72,1.52,1028.0,11.0,3.5,4,3,25.15,105,676.3157894736842,1.0,0.0,0.0,1.0,0.0,1.0,0.0
41,1.66,74,1.97,1355.0,11.2,3.5,5,3,30.05,103,687.8172588832488,1.0,1.0,0.0,0.0,1.0,0.0,0.0
45,1.68,66,0.76,441.0,35.0,2.6,3,1,23.17,130,580.2631578947369,0.0,1.0,0.0,0.0,0.0,0.0,0.0
25,1.71,56,0.89,632.0,26.0,2.5,2,1,16.14,129,710.1123595505618,0.0,0.0,0.0,0.0,0.0,0.0,1.0
45,1.7,53,0.95,684.0,26.8,2.0,3,1,20.14,115,720.0,0.0,0.0,0.0,1.0,0.0,0.0,0.0
53,1.55,72,1.17,806.0,26.3,2.1,4,2,30.59,122,688.8888888888889,0.0,1.0,0.0,0.0,1.0,0.0,0.0
43,1.73,62,1.67,1240.0,16.6,2.7,5,3,18.44,105,742.5149700598803,0.0,0.0,0.0,0.0,0.0,0.0,1.0
25,1.71,61,1.12,935.0,27.1,1.8,3,1,22.02,118,834.8214285714284,0.0,1.0,0.0,0.0,0.0,0.0,0.0
45,1.74,50,1.18,807.0,30.0,2.3,4,2,24.28,131,683.8983050847457,0.0,0.0,0.0,0.0,0.0,0.0,0.0
45,1.81,70,1.7,1287.0,12.4,3.5,5,3,27.35,108,757.0588235294118,1.0,0.0,0.0,1.0,0.0,1.0,0.0
54,1.76,68,1.48,1158.0,29.0,3.4,3,2,27.92,121,782.4324324324324,1.0,0.0,0.0,1.0,0.0,1.0,0.0
58,1.67,70,1.28,743.0,25.3,1.8,4,2,16.53,117,580.46875,0.0,0.0,0.0,1.0,0.0,0.0,1.0
53,1.97,69,1.3,894.0,23.2,2.1,3,2,17.65,125,687.6923076923076,1.0,1.0,0.0,0.0,0.0,0.0,1.0
44,1.84,67,1.26,748.0,26.0,3.1,4,2,27.94,103,593.6507936507936,1.0,1.0,0.0,0.0,0.0,1.0,0.0
34,1.52,60,1.13,746.0,31.0,2.2,3,1,23.46,130,660.1769911504425,0.0,0.0,0.0,0.0,0.0,0.0,0.0
26,1.77,69,1.15,759.0,24.8,2.7,3,2,15.23,129,660.0,1.0,0.0,1.0,0.0,0.0,0.0,1.0
50,1.84,52,1.38,847.0,28.2,3.1,4,2,15.42,143,613.768115942029,1.0,0.0,1.0,0.0,0.0,0.0,1.0
37,1.95,66,1.58,1173.0,10.3,3.5,5,3,23.35,123,742.4050632911392,1.0,0.0,0.0,1.0,0.0,0.0,0.0
30,1.68,61,1.46,1076.0,28.2,2.9,4,2,35.79,121,736.986301369863,1.0,0.0,1.0,0.0,1.0,0.0,0.0
45,1.95,59,1.06,881.0,24.9,2.4,3,2,31.14,119,831.132075471698,1.0,0.0,0.0,1.0,1.0,0.0,0.0
46,1.72,57,1.41,933.0,26.3,2.0,3,1,16.19,114,661.7021276595746,0.0,0.0,0.0,0.0,0.0,0.0,1.0
30,1.74,64,1.08,810.0,33.9,2.0,3,2,17.01,110,750.0,0.0,0.0,1.0,0.0,0.0,0.0,1.0
52,1.51,54,0.75,479.0,31.5,2.6,3,1,35.04,136,638.6666666666666,0.0,0.0,1.0,0.0,1.0,0.0,0.0
23,1.85,53,0.72,661.0,21.6,3.6,2,1,35.44,143,918.0555555555555,1.0,0.0,0.0,1.0,1.0,0.0,0.0
35,1.64,70,1.28,1050.0,25.3,2.6,4,2,29.34,126,820.3125,0.0,0.0,0.0,0.0,0.0,1.0,0.0
22,1.62,69,1.88,1675.0,10.7,3.5,5,3,33.72,105,890.9574468085107,1.0,0.0,1.0,0.0,1.0,0.0,0.0
42,1.63,68,0.52,350.0,26.1,3.2,3,1,27.66,120,673.0769230769231,1.0,0.0,1.0,0.0,0.0,1.0,0.0
19,1.93,70,1.27,1173.0,21.8,3.0,4,2,34.34,115,923.6220472440945,1.0,0.0,1.0,0.0,1.0,0.0,0.0
27,1.98,53,1.8,1515.0,11.1,3.5,4,3,22.57,108,841.6666666666666,1.0,0.0,0.0,0.0,0.0,0.0,0.0
47,1.62,64,0.51,303.0,25.3,2.3,3,1,16.54,115,594.1176470588235,0.0,0.0,0.0,0.0,0.0,0.0,1.0
22,1.56,66,1.47,978.0,32.2,2.6,3,2,17.59,108,665.3061224489796,0.0,0.0,1.0,0.0,0.0,0.0,1.0
50,1.79,61,1.17,753.0,28.1,2.4,4,2,20.13,102,643.5897435897436,1.0,0.0,0.0,1.0,0.0,0.0,0.0
18,1.53,52,1.29,948.0,33.0,2.1,3,2,21.66,129,734.8837209302326,0.0,0.0,0.0,1.0,0.0,0.0,0.0
35,1.66,59,1.3,1151.0,21.3,3.2,3,1,21.48,138,885.3846153846154,1.0,0.0,1.0,0.0,0.0,0.0,0.0
49,1.73,64,1.38,938.0,34.0,2.3,2,1,26.36,118,679.7101449275362,0.0,0.0,0.0,0.0,0.0,1.0,0.0
28,1.63,59,1.1,847.0,31.7,1.8,3,2,29.62,126,769.9999999999999,0.0,0.0,1.0,0.0,0.0,1.0,0.0
38,1.92,73,1.31,1081.0,29.0,3.0,4,2,18.64,97,825.1908396946565,1.0,0.0,0.0,0.0,0.0,0.0,0.0
43,1.59,72,0.82,502.0,29.5,2.5,2,1,21.0,115,612.1951219512196,0.0,0.0,1.0,0.0,0.0,0.0,0.0
42,1.65,67,1.1,904.0,24.4,2.8,3,2,23.8,94,821.8181818181818,1.0,0.0,0.0,0.0,0.0,0.0,0.0
39,1.61,50,1.17,749.0,32.8,2.5,2,1,19.41,117,640.1709401709402,0.0,1.0,0.0,0.0,0.0,0.0,0.0
44,1.63,52,1.34,856.0,20.9,2.6,4,2,38.5,136,638.8059701492537,1.0,0.0,0.0,1.0,1.0,0.0,0.0
30,1.92,70,1.13,789.0,25.2,3.6,2,1,17.06,100,698.2300884955753,1.0,1.0,0.0,0.0,0.0,0.0,1.0
50,1.6,61,1.88,1184.0,19.2,2.7,5,3,22.07,135,629.7872340425532,0.0,0.0,0.0,1.0,0.0,0.0,0.0
51,1.55,50,0.71,422.0,33.3,2.1,2,1,31.05,127,594.3661971830986,0.0,0.0,0.0,0.0,1.0,0.0,0.0
58,1.79,52,1.12,937.0,29.6,3.0,3,1,16.23,121,836.6071428571428,1.0,1.0,0.0,0.0,0.0,0.0,1.0
52,1.67,52,1.5,837.0,32.0,1.5,2,1,18.68,117,558.0,0.0,0.0,0.0,1.0,0.0,0.0,0.0
18,1.54,54,0.97,606.0,27.1,1.7,2,1,30.44,140,624.7422680412371,0.0,0.0,1.0,0.0,1.0,0.0,0.0
38,1.8,68,1.72,1410.0,10.1,3.5,4,3,26.48,100,819.7674418604652,1.0,0.0,0.0,0.0,0.0,1.0,0.0
23,1.85,74,1.6,1320.0,12.4,3.5,4,3,23.78,120,825.0,1.0,0.0,0.0,0.0,0.0,0.0,0.0
45,1.65,50,1.45,887.0,30.1,2.3,2,1,18.7,120,611.7241379310345,0.0,0.0,1.0,0.0,0.0,0.0,0.0
34,1.78,53,1.38,987.0,22.4,2.7,4,2,16.41,118,715.2173913043479,1.0,0.0,1.0,0.0,0.0,0.0,1.0
22,1.93,53,1.42,1086.0,21.2,2.9,4,2,19.06,109,764.7887323943662,1.0,0.0,0.0,1.0,0.0,0.0,0.0
48,1.77,66,1.51,1248.0,12.9,3.5,4,3,25.73,132,826.4900662251656,1.0,0.0,0.0,0.0,0.0,1.0,0.0
22,1.72,63,1.0,640.0,32.6,1.6,3,2,19.71,110,640.0,0.0,0.0,0.0,1.0,0.0,0.0,0.0
55,1.7,67,1.32,719.0,34.9,2.5,3,1,21.8,120,544.6969696969696,0.0,0.0,1.0,0.0,0.0,0.0,0.0
20,1.94,50,1.02,875.0,27.6,3.3,4,2,29.49,120,857.843137254902,1.0,0.0,0.0,0.0,0.0,1.0,0.0
40,1.66,71,1.27,762.0,32.9,1.7,3,2,19.09,127,600.0,0.0,0.0,1.0,0.0,0.0,0.0,0.0
54,2.0,65,1.13,688.0,26.2,3.1,3,1,29.1,119,608.849557522124,1.0,0.0,0.0,1.0,0.0,1.0,0.0
54,1.61,52,1.41,983.0,34.9,2.5,4,2,29.17,128,697.1631205673759,0.0,0.0,0.0,1.0,0.0,1.0,0.0
27,1.8,72,1.48,1172.0,26.4,3.1,2,1,19.01,97,791.8918918918919,1.0,0.0,0.0,1.0,0.0,0.0,0.0
27,1.8,70,1.38,926.0,28.6,2.5,4,2,33.33,104,671.0144927536232,1.0,0.0,0.0,0.0,1.0,0.0,0.0
36,1.75,58,0.99,634.0,34.5,2.3,3,1,19.36,120,640.4040404040404,0.0,0.0,1.0,0.0,0.0,0.0,0.0
34,1.94,72,1.18,915.0,29.3,2.4,4,2,20.11,109,775.4237288135594,1.0,0.0,1.0,0.0,0.0,0.0,0.0
38,1.6,53,1.21,859.0,28.8,1.9,4,2,21.99,127,709.9173553719008,0.0,0.0,0.0,1.0,0.0,0.0,0.0
31,1.73,70,1.17,766.0,25.8,1.8,3,2,19.45,121,654.7008547008547,0.0,0.0,0.0,1.0,0.0,0.0,0.0
26,1.68,54,1.13,802.0,21.7,2.9,3,1,19.73,128,709.7345132743363,1.0,0.0,0.0,1.0,0.0,0.0,0.0
18,1.67,60,1.46,1229.0,20.6,2.2,3,2,45.14,112,841.7808219178082,1.0,0.0,0.0,1.0,1.0,0.0,0.0
30,1.67,70,1.02,826.0,26.1,2.6,4,2,22.48,94,809.8039215686274,0.0,1.0,0.0,0.0,0.0,0.0,0.0
21,1.86,58,1.37,972.0,21.8,2.6,3,2,25.03,105,709.4890510948904,1.0,1.0,0.0,0.0,0.0,1.0,0.0
18,1.82,52,1.2,983.0,23.4,2.4,3,2,19.47,135,819.1666666666667,1.0,1.0,0.0,0.0,0.0,0.0,0.0
57,1.86,55,1.14,796.0,25.4,2.8,4,2,22.14,118,698.2456140350878,1.0,0.0,0.0,1.0,0.0,0.0,0.0
49,1.83,73,1.98,1225.0,13.6,3.5,5,3,24.31,94,618.6868686868687,1.0,0.0,0.0,1.0,0.0,0.0,0.0
51,1.71,60,1.14,954.0,22.1,2.5,2,1,20.76,108,836.8421052631579,1.0,0.0,1.0,0.0,0.0,0.0,0.0
45,1.55,58,1.67,909.0,18.4,2.7,5,3,23.81,136,544.311377245509,0.0,0.0,0.0,0.0,0.0,0.0,0.0
48,1.59,64,1.19,798.0,32.0,2.1,3,2,28.88,132,670.5882352941177,0.0,0.0,1.0,0.0,0.0,1.0,0.0
25,1.99,72,1.13,752.0,25.6,2.6,3,1,31.26,108,665.4867256637169,1.0,1.0,0.0,0.0,1.0,0.0,0.0
56,1.66,52,1.37,1024.0,29.0,2.2,2,1,33.97,125,747.4452554744526,1.0,0.0,1.0,0.0,1.0,0.0,0.0
43,1.92,50,1.24,988.0,21.1,2.5,3,1,20.83,142,796.7741935483871,1.0,0.0,0.0,1.0,0.0,0.0,0.0
51,1.53,69,1.11,674.0,26.8,2.0,4,2,23.37,98,607.2072072072071,0.0,1.0,0.0,0.0,0.0,0.0,0.0
20,1.94,71,1.14,821.0,24.3,2.1,3,2,24.52,105,720.1754385964913,1.0,1.0,0.0,0.0,0.0,0.0,0.0
29,1.55,68,1.2,720.0,26.3,2.4,4,2,29.89,122,600.0,0.0,0.0,0.0,0.0,0.0,1.0,0.0
18,1.57,63,1.07,679.0,30.7,2.2,3,2,27.14,130,634.5794392523364,0.0,0.0,0.0,0.0,0.0,1.0,0.0
22,1.76,66,1.37,1144.0,29.0,2.2,4,2,15.72,99,835.0364963503649,0.0,1.0,0.0,0.0,0.0,0.0,1.0
47,1.71,71,1.42,1188.0,22.8,2.9,3,1,22.64,110,836.6197183098592,1.0,1.0,0.0,0.0,0.0,0.0,0.0
47,1.76,63,0.8,475.0,26.7,2.2,3,1,12.91,110,593.75,0.0,0.0,1.0,0.0,0.0,0.0,1.0
34,1.85,66,1.18,870.0,23.4,3.6,4,2,32.84,96,737.2881355932204,1.0,1.0,0.0,0.0,1.0,0.0,0.0
40,1.55,74,0.85,693.0,31.1,1.5,3,1,29.14,97,815.2941176470589,0.0,0.0,0.0,1.0,0.0,1.0,0.0
32,1.74,63,1.45,1013.0,25.8,2.1,3,1,27.74,132,698.6206896551724,1.0,0.0,1.0,0.0,0.0,1.0,0.0
54,1.65,61,1.29,749.0,26.6,1.7,4,2,16.09,110,580.6201550387597,0.0,0.0,0.0,1.0,0.0,0.0,1.0
38,1.62,65,1.34,1216.0,21.2,2.3,4,2,46.98,96,907.4626865671642,1.0,0.0,0.0,1.0,1.0,0.0,0.0
31,1.56,50,1.8,1116.0,15.1,2.7,5,3,23.79,111,620.0,0.0,0.0,0.0,1.0,0.0,0.0,0.0
19,1.96,62,1.9,1766.0,10.1,3.5,5,3,21.45,112,929.4736842105264,1.0,1.0,0.0,0.0,0.0,0.0,0.0
28,1.79,55,1.35,1025.0,28.8,2.3,4,2,26.47,127,759.2592592592592,1.0,0.0,0.0,0.0,0.0,1.0,0.0
56,1.66,66,1.29,1060.0,20.5,3.1,3,2,39.77,122,821.7054263565891,1.0,0.0,0.0,0.0,1.0,0.0,0.0
55,1.77,61,1.0,777.0,27.3,2.8,3,2,27.58,115,777.0,1.0,0.0,0.0,1.0,0.0,1.0,0.0
51,1.8,72,1.07,626.0,33.7,2.7,4,2,19.72,119,585.0467289719626,0.0,1.0,0.0,0.0,0.0,0.0,0.0
55,1.62,68,0.54,394.0,26.0,1.8,3,1,26.98,98,729.6296296296296,0.0,0.0,1.0,0.0,0.0,1.0,0.0
51,1.67,55,1.38,950.0,24.4,2.5,3,2,41.34,134,688.4057971014494,1.0,0.0,0.0,1.0,1.0,0.0,0.0
35,1.56,56,1.71,1188.0,19.8,2.7,5,3,22.72,131,694.7368421052631,0.0,0.0,1.0,0.0,0.0,0.0,0.0
47,1.8,50,1.36,942.0,28.3,3.7,3,1,22.81,123,692.6470588235294,1.0,0.0,1.0,0.0,0.0,0.0,0.0
32,1.96,50,1.36,1025.0,24.9,3.4,3,2,25.33,139,753.6764705882352,1.0,1.0,0.0,0.0,0.0,1.0,0.0
44,1.65,54,1.27,966.0,32.6,2.1,4,2,22.19,122,760.6299212598425,0.0,1.0,0.0,0.0,0.0,0.0,0.0
51,1.61,55,1.36,868.0,28.3,2.9,2,1,19.02,136,638.235294117647,1.0,0.0,0.0,0.0,0.0,0.0,0.0
55,1.78,65,1.44,1091.0,23.5,3.4,3,1,28.97,100,757.6388888888889,1.0,0.0,0.0,0.0,0.0,1.0,0.0
50,1.55,74,0.89,581.0,33.9,2.1,3,1,30.63,109,652.8089887640449,0.0,1.0,0.0,0.0,1.0,0.0,0.0
41,1.78,65,1.26,929.0,24.7,2.4,3,1,14.87,100,737.3015873015873,1.0,0.0,0.0,1.0,0.0,0.0,1.0
32,1.62,63,0.58,408.0,25.3,3.4,2,1,24.84,123,703.4482758620691,1.0,0.0,0.0,0.0,0.0,0.0,0.0
47,1.64,50,2.0,1634.0,15.0,3.5,4,3,32.42,127,817.0,1.0,0.0,1.0,0.0,1.0,0.0,0.0
59,1.71,62,0.57,423.0,28.4,2.9,3,1,33.07,121,742.1052631578948,1.0,0.0,0.0,1.0,1.0,0.0,0.0
34,1.61,69,1.02,821.0,28.6,1.7,3,2,18.09,127,804.9019607843137,0.0,0.0,1.0,0.0,0.0,0.0,1.0
22,1.62,59,1.38,849.0,25.1,2.1,3,1,27.47,124,615.2173913043479,0.0,1.0,0.0,0.0,0.0,1.0,0.0
46,1.54,73,1.61,906.0,18.1,2.7,4,3,26.35,124,562.7329192546583,0.0,0.0,1.0,0.0,0.0,1.0,0.0
21,1.69,59,1.06,775.0,27.0,2.7,3,1,38.76,134,731.132075471698,1.0,0.0,0.0,1.0,1.0,0.0,0.0
27,1.83,58,1.41,954.0,26.5,3.5,3,2,30.64,141,676.5957446808511,1.0,1.0,0.0,0.0,1.0,0.0,0.0
34,1.62,62,1.76,1276.0,19.8,2.7,5,3,24.5,112,725.0,0.0,0.0,0.0,1.0,0.0,0.0,0.0
27,1.61,52,1.75,1598.0,14.3,3.5,4,3,31.13,118,913.1428571428571,1.0,0.0,1.0,0.0,1.0,0.0,0.0
34,1.81,67,1.36,1249.0,24.5,2.2,2,1,35.19,114,918.3823529411764,1.0,0.0,0.0,1.0,1.0,0.0,0.0
37,1.69,69,1.81,1573.0,10.3,3.5,5,3,30.74,114,869.060773480663,1.0,1.0,0.0,0.0,1.0,0.0,0.0
41,1.61,51,1.06,714.0,24.8,3.5,4,2,28.66,109,673.5849056603773,1.0,0.0,1.0,0.0,0.0,1.0,0.0
22,1.7,66,1.36,938.0,31.9,2.1,4,2,27.16,111,689.7058823529411,0.0,0.0,1.0,0.0,0.0,1.0,0.0
51,1.58,68,0.97,733.0,31.1,2.0,2,1,30.96,103,755.6701030927835,0.0,0.0,0.0,0.0,1.0,0.0,0.0
23,1.7,72,0.51,319.0,30.4,1.7,2,1,22.32,115,625.4901960784314,0.0,0.0,0.0,0.0,0.0,0.0,0.0
19,1.94,62,1.17,952.0,24.7,3.2,3,2,19.13,137,813.6752136752137,1.0,0.0,0.0,1.0,0.0,0.0,0.0
30,1.77,62,1.41,916.0,27.9,2.6,4,2,24.87,104,649.6453900709221,0.0,0.0,0.0,0.0,0.0,0.0,0.0
28,1.58,50,1.49,1006.0,27.8,2.0,3,2,27.88,132,675.1677852348994,0.0,0.0,0.0,0.0,0.0,1.0,0.0
40,1.99,51,1.16,951.0,25.0,2.4,4,2,17.4,129,819.8275862068966,1.0,0.0,0.0,0.0,0.0,0.0,1.0
33,1.89,50,1.45,1148.0,21.6,2.9,3,2,12.85,143,791.7241379310345,1.0,0.0,0.0,0.0,0.0,0.0,1.0
48,1.69,73,0.75,537.0,28.4,2.5,3,1,23.88,97,716.0,0.0,1.0,0.0,0.0,0.0,0.0,0.0
28,1.59,54,1.49,968.0,28.2,1.5,3,2,31.49,127,649.6644295302013,0.0,1.0,0.0,0.0,1.0,0.0,0.0
33,1.52,73,1.02,643.0,30.9,2.3,2,1,23.2,121,630.3921568627451,0.0,0.0,0.0,0.0,0.0,0.0,0.0
25,1.58,52,1.36,986.0,25.7,2.2,3,2,23.11,136,725.0,0.0,0.0,0.0,1.0,0.0,0.0,0.0
21,1.93,56,1.32,1024.0,28.3,2.5,3,2,19.92,131,775.7575757575758,1.0,1.0,0.0,0.0,0.0,0.0,0.0
57,1.56,73,1.52,985.0,17.8,2.7,5,3,26.46,104,648.0263157894736,0.0,0.0,0.0,0.0,0.0,1.0,0.0
21,1.78,71,0.55,380.0,31.7,2.0,2,1,17.33,102,690.9090909090909,0.0,1.0,0.0,0.0,0.0,0.0,1.0
42,1.64,62,0.63,468.0,27.0,2.4,3,1,18.7,115,742.8571428571429,1.0,0.0,1.0,0.0,0.0,0.0,0.0
20,1.68,72,0.91,660.0,27.9,2.4,2,1,16.48,115,725.2747252747253,0.0,1.0,0.0,0.0,0.0,0.0,1.0
49,1.99,67,0.93,741.0,24.7,3.1,3,1,14.6,116,796.7741935483871,1.0,1.0,0.0,0.0,0.0,0.0,1.0
20,1.8,73,0.79,695.0,29.6,2.9,2,1,25.62,94,879.746835443038,1.0,0.0,0.0,1.0,0.0,1.0,0.0
44,1.79,70,1.51,1159.0,13.8,3.5,5,3,25.75,97,767.5496688741722,1.0,1.0,0.0,0.0,0.0,1.0,0.0
46,1.73,56,1.11,709.0,34.7,2.0,3,1,22.22,107,638.7387387387387,0.0,0.0,0.0,1.0,0.0,0.0,0.0
49,1.67,50,0.93,695.0,32.5,1.8,3,1,25.17,136,747.3118279569892,0.0,0.0,1.0,0.0,0.0,1.0,0.0
36,1.93,54,1.49,1082.0,21.8,3.4,3,2,32.73,141,726.1744966442953,1.0,0.0,0.0,0.0,1.0,0.0,0.0
38,1.52,66,1.19,857.0,25.6,2.0,4,2,30.43,98,720.1680672268908,0.0,0.0,0.0,1.0,1.0,0.0,0.0
22,1.56,57,1.45,877.0,30.8,2.1,4,2,16.56,135,604.8275862068966,0.0,1.0,0.0,0.0,0.0,0.0,1.0
35,1.76,64,0.84,559.0,23.6,2.9,2,1,32.74,129,665.4761904761905,1.0,1.0,0.0,0.0,1.0,0.0,0.0
45,1.95,69,1.47,982.0,22.8,2.8,3,2,20.83,120,668.0272108843537,1.0,0.0,0.0,1.0,0.0,0.0,0.0
59,1.77,53,1.46,841.0,33.1,1.8,3,1,24.19,114,576.027397260274,0.0,0.0,1.0,0.0,0.0,0.0,0.0
39,1.88,51,0.55,445.0,23.7,2.2,2,1,20.29,147,809.090909090909,1.0,0.0,0.0,0.0,0.0,0.0,0.0
38,1.56,54,1.64,1082.0,16.6,2.7,5,3,23.71,131,659.7560975609756,0.0,1.0,0.0,0.0,0.0,0.0,0.0
23,1.6,50,0.76,585.0,33.5,1.6,3,1,18.52,146,769.7368421052631,0.0,0.0,1.0,0.0,0.0,0.0,0.0
18,1.75,74,1.29,1032.0,33.5,2.4,3,2,18.68,119,800.0,0.0,0.0,0.0,0.0,0.0,0.0,0.0
22,1.72,54,1.48,977.0,28.6,1.8,4,2,15.14,112,660.1351351351351,0.0,0.0,0.0,0.0,0.0,0.0,1.0
58,1.72,55,0.9,668.0,28.3,2.1,2,1,30.49,144,742.2222222222222,1.0,1.0,0.0,0.0,1.0,0.0,0.0
29,1.72,51,1.79,1378.0,14.3,3.5,4,3,28.7,136,769.8324022346369,1.0,0.0,0.0,1.0,0.0,1.0,0.0
43,1.77,50,1.08,807.0,24.2,3.4,3,1,30.55,148,747.2222222222222,1.0,1.0,0.0,0.0,1.0,0.0,0.0
51,1.65,53,1.22,924.0,20.7,2.3,3,2,21.67,145,757.3770491803278,1.0,1.0,0.0,0.0,0.0,0.0,0.0
31,1.77,56,1.72,1092.0,15.0,2.7,4,3,19.31,131,634.8837209302326,0.0,1.0,0.0,0.0,0.0,0.0,0.0
43,1.72,71,1.03,742.0,30.2,2.3,4,2,18.19,102,720.3883495145631,0.0,0.0,1.0,0.0,0.0,0.0,1.0
44,1.97,50,1.66,1372.0,11.7,3.5,5,3,22.31,147,826.5060240963855,1.0,0.0,0.0,1.0,0.0,0.0,0.0
26,1.67,50,1.37,829.0,35.0,1.9,2,1,26.1,113,605.1094890510949,0.0,0.0,1.0,0.0,0.0,1.0,0.0
43,1.77,57,1.48,1046.0,32.7,1.7,4,2,21.16,120,706.7567567567568,0.0,1.0,0.0,0.0,0.0,0.0,0.0
39,1.6,69,0.89,672.0,32.6,2.0,2,1,21.87,115,755.0561797752808,0.0,0.0,0.0,1.0,0.0,0.0,0.0
47,1.93,65,1.29,1015.0,29.6,2.0,3,2,12.32,101,786.8217054263565,1.0,0.0,0.0,0.0,0.0,0.0,1.0
34,1.64,70,1.9,1536.0,14.4,3.5,4,3,32.72,127,808.421052631579,1.0,0.0,0.0,1.0,1.0,0.0,0.0
43,1.79,62,1.31,1012.0,23.2,3.4,2,1,29.34,125,772.5190839694657,1.0,1.0,0.0,0.0,0.0,1.0,0.0
53,1.79,72,1.34,965.0,26.7,2.1,3,2,13.95,92,720.1492537313433,0.0,0.0,0.0,1.0,0.0,0.0,1.0
18,1.63,73,0.66,436.0,27.5,2.2,3,1,23.79,89,660.6060606060606,1.0,0.0,0.0,0.0,0.0,0.0,0.0
25,1.9,72,1.47,1294.0,23.8,2.4,4,2,26.48,118,880.2721088435375,1.0,0.0,0.0,0.0,0.0,1.0,0.0
52,1.86,67,1.01,645.0,24.7,2.8,3,2,13.82,112,638.6138613861386,1.0,0.0,0.0,1.0,0.0,0.0,1.0
32,1.64,69,1.77,1197.0,13.2,3.5,4,3,31.71,109,676.271186440678,1.0,0.0,0.0,0.0,1.0,0.0,0.0
39,1.83,59,1.35,1143.0,29.1,2.3,4,2,17.83,111,846.6666666666666,1.0,0.0,1.0,0.0,0.0,0.0,1.0
31,1.98,61,0.71,504.0,24.2,2.5,2,1,17.91,138,709.8591549295775,1.0,0.0,0.0,1.0,0.0,0.0,1.0
43,1.8,50,0.79,590.0,32.8,2.1,3,1,22.44,112,746.8354430379746,0.0,0.0,0.0,0.0,0.0,0.0,0.0
45,1.79,59,0.74,433.0,27.7,2.5,2,1,15.73,123,585.1351351351351,0.0,0.0,0.0,0.0,0.0,0.0,1.0
40,1.74,58,0.91,666.0,27.0,2.7,2,1,26.99,108,731.8681318681319,1.0,0.0,0.0,1.0,0.0,1.0,0.0
31,1.62,52,0.56,484.0,20.0,3.2,2,1,18.79,130,864.2857142857142,1.0,0.0,1.0,0.0,0.0,0.0,0.0
41,1.64,68,1.93,1138.0,19.4,2.7,4,3,23.01,98,589.6373056994819,0.0,0.0,0.0,1.0,0.0,0.0,0.0
19,1.68,58,1.42,1164.0,25.3,2.6,4,2,17.4,135,819.7183098591549,0.0,0.0,0.0,0.0,0.0,0.0,1.0
43,1.83,59,1.11,747.0,27.1,2.4,3,2,19.86,119,672.9729729729729,1.0,0.0,0.0,1.0,0.0,0.0,0.0
31,1.93,68,0.6,446.0,20.5,3.4,2,1,20.27,100,743.3333333333334,1.0,0.0,0.0,0.0,0.0,0.0,0.0
24,1.79,65,1.76,1491.0,11.3,3.5,4,3,27.53,112,847.1590909090909,1.0,1.0,0.0,0.0,0.0,1.0,0.0
20,1.75,73,1.33,885.0,25.0,3.3,3,2,24.42,111,665.4135338345865,1.0,0.0,0.0,1.0,0.0,0.0,0.0
40,1.6,67,0.87,566.0,29.2,1.9,3,1,28.2,106,650.5747126436781,0.0,0.0,0.0,1.0,0.0,1.0,0.0
35,1.63,63,1.41,1241.0,21.9,3.7,4,2,23.64,121,880.1418439716313,1.0,0.0,0.0,0.0,0.0,0.0,0.0
55,1.79,52,1.19,719.0,23.3,2.4,3,2,26.43,126,604.2016806722689,1.0,0.0,0.0,0.0,0.0,1.0,0.0
52,1.69,51,0.53,388.0,27.3,2.4,2,1,40.79,147,732.0754716981131,1.0,0.0,0.0,0.0,1.0,0.0,0.0
32,1.92,50,1.39,1047.0,26.7,3.3,3,2,21.0,124,753.2374100719425,1.0,0.0,0.0,0.0,0.0,0.0,0.0
42,1.62,67,1.17,732.0,25.7,2.0,4,2,27.78,108,625.6410256410256,0.0,0.0,0.0,1.0,0.0,1.0,0.0
54,1.59,73,1.08,807.0,32.5,1.9,2,1,23.1,113,747.2222222222222,0.0,0.0,0.0,0.0,0.0,0.0,0.0
45,1.54,58,1.67,999.0,15.3,2.7,4,3,27.11,141,598.2035928143713,0.0,0.0,0.0,1.0,0.0,1.0,0.0
27,1.87,62,1.62,1363.0,12.7,3.5,5,3,25.54,107,841.358024691358,1.0,0.0,1.0,0.0,0.0,1.0,0.0
56,1.61,51,1.38,1148.0,22.6,2.3,3,2,34.8,112,831.8840579710146,1.0,0.0,0.0,1.0,1.0,0.0,0.0
34,1.62,56,1.13,847.0,30.9,2.4,4,2,22.48,122,749.5575221238939,0.0,0.0,0.0,0.0,0.0,0.0,0.0
56,1.86,65,1.09,858.0,22.6,3.3,3,2,16.97,122,787.1559633027522,1.0,0.0,0.0,0.0,0.0,0.0,1.0
39,1.82,70,1.26,1116.0,29.8,3.0,3,2,38.49,110,885.7142857142857,1.0,0.0,1.0,0.0,1.0,0.0,0.0
43,1.52,68,1.42,875.0,28.1,2.6,4,2,29.69,105,616.1971830985916,0.0,0.0,0.0,1.0,0.0,1.0,0.0
42,1.53,74,1.07,717.0,27.4,1.9,3,1,24.22,118,670.0934579439252,0.0,0.0,1.0,0.0,0.0,0.0,0.0
34,1.78,64,1.33,958.0,27.8,1.8,4,2,20.36,105,720.3007518796992,0.0,0.0,0.0,1.0,0.0,0.0,0.0
30,1.52,71,1.78,1228.0,19.5,2.7,4,3,26.66,107,689.8876404494382,0.0,0.0,0.0,0.0,0.0,1.0,0.0
37,1.82,60,1.23,859.0,26.4,3.2,4,2,22.67,129,698.3739837398374,1.0,0.0,0.0,1.0,0.0,0.0,0.0
42,1.93,50,1.22,888.0,27.3,3.3,2,1,21.29,131,727.8688524590165,1.0,0.0,0.0,0.0,0.0,0.0,0.0
21,1.68,70,1.19,756.0,34.2,1.8,3,2,25.72,92,635.2941176470589,0.0,0.0,0.0,0.0,0.0,1.0,0.0
27,1.7,56,0.96,792.0,29.1,2.1,3,1,26.54,140,825.0,1.0,1.0,0.0,0.0,0.0,1.0,0.0
20,1.61,69,1.08,659.0,32.4,2.5,2,1,17.05,108,610.1851851851851,0.0,1.0,0.0,0.0,0.0,0.0,1.0
58,1.7,57,0.74,406.0,27.0,2.7,2,1,19.55,113,548.6486486486486,0.0,0.0,0.0,1.0,0.0,0.0,0.0
35,1.63,59,1.1,986.0,28.4,3.1,2,1,37.98,102,896.3636363636363,1.0,0.0,0.0,0.0,1.0,0.0,0.0
53,1.55,54,1.12,711.0,27.0,1.8,4,2,23.23,117,634.8214285714286,0.0,0.0,1.0,0.0,0.0,0.0,0.0
39,1.93,58,1.35,1010.0,27.4,3.7,4,2,15.65,107,748.1481481481482,1.0,0.0,0.0,0.0,0.0,0.0,1.0
51,1.77,74,1.47,1128.0,26.9,3.5,2,1,15.51,125,767.3469387755102,1.0,0.0,1.0,0.0,0.0,0.0,1.0
25,1.95,74,1.94,1451.0,13.8,3.5,4,3,21.49,114,747.9381443298969,1.0,0.0,0.0,1.0,0.0,0.0,0.0
57,1.69,50,1.76,1159.0,12.7,3.5,5,3,29.97,139,658.5227272727273,1.0,0.0,0.0,1.0,1.0,0.0,0.0
36,1.72,51,1.63,1043.0,18.2,2.7,5,3,20.28,110,639.877300613497,0.0,0.0,1.0,0.0,0.0,0.0,0.0
59,1.69,68,1.24,915.0,29.5,2.9,3,1,44.26,100,737.9032258064516,1.0,0.0,1.0,0.0,1.0,0.0,0.0
58,1.78,63,1.05,662.0,26.0,2.5,4,2,23.8,98,630.4761904761905,0.0,0.0,0.0,0.0,0.0,0.0,0.0
54,1.69,69,1.69,996.0,16.5,2.7,4,3,22.48,119,589.3491124260355,0.0,0.0,0.0,1.0,0.0,0.0,0.0
23,1.62,59,1.37,1069.0,31.1,2.5,3,2,24.84,133,780.2919708029196,0.0,0.0,0.0,0.0,0.0,0.0,0.0
43,1.66,58,0.99,673.0,34.6,2.6,2,1,25.44,111,679.7979797979798,0.0,0.0,1.0,0.0,0.0,1.0,0.0
51,1.77,59,1.21,779.0,21.0,3.4,2,1,32.75,134,643.801652892562,1.0,1.0,0.0,0.0,1.0,0.0,0.0
23,1.93,55,1.15,879.0,20.2,3.1,4,2,28.78,112,764.3478260869566,1.0,1.0,0.0,0.0,0.0,1.0,0.0
54,1.75,66,1.76,1220.0,15.3,2.7,5,3,18.45,130,693.1818181818181,0.0,1.0,0.0,0.0,0.0,0.0,1.0
50,1.75,74,1.22,911.0,25.5,2.2,4,2,20.11,118,746.7213114754098,0.0,0.0,1.0,0.0,0.0,0.0,0.0
39,1.75,55,1.32,1198.0,29.1,2.8,4,2,26.68,110,907.5757575757575,1.0,0.0,0.0,0.0,0.0,1.0,0.0
38,1.58,53,0.74,481.0,32.2,2.3,2,1,30.68,146,650.0,0.0,0.0,0.0,1.0,1.0,0.0,0.0
23,1.79,69,1.0,698.0,26.8,3.4,4,2,36.45,109,698.0,1.0,0.0,1.0,0.0,1.0,0.0,0.0
23,1.59,52,1.8,1107.0,17.6,2.7,4,3,23.77,139,615.0,0.0,1.0,0.0,0.0,0.0,0.0,0.0
21,1.73,72,1.0,803.0,27.8,3.6,2,1,31.31,114,803.0,1.0,0.0,0.0,0.0,1.0,0.0,0.0
47,1.58,68,1.03,756.0,26.6,2.1,4,2,16.66,92,733.9805825242719,0.0,0.0,0.0,1.0,0.0,0.0,1.0
28,1.79,67,1.99,1582.0,17.0,2.7,5,3,17.2,125,794.9748743718593,0.0,0.0,0.0,1.0,0.0,0.0,1.0
47,1.76,73,0.71,552.0,24.9,3.0,2,1,41.03,126,777.4647887323944,1.0,0.0,1.0,0.0,1.0,0.0,0.0
48,1.6,53,1.34,1001.0,26.1,2.0,4,2,26.99,138,747.0149253731342,0.0,0.0,1.0,0.0,0.0,1.0,0.0
41,1.74,57,1.34,898.0,29.2,2.3,3,1,22.06,107,670.1492537313433,0.0,0.0,0.0,1.0,0.0,0.0,0.0
26,1.76,66,1.15,1031.0,23.2,3.1,4,2,40.52,110,896.5217391304349,1.0,0.0,0.0,1.0,1.0,0.0,0.0
20,1.58,54,1.07,893.0,25.4,1.5,3,2,28.56,113,834.5794392523364,0.0,1.0,0.0,0.0,0.0,1.0,0.0
48,1.61,62,1.06,876.0,21.4,2.9,4,2,49.84,131,826.4150943396226,1.0,0.0,0.0,1.0,1.0,0.0,0.0
57,1.86,74,1.1,795.0,27.6,2.2,3,2,27.84,94,722.7272727272726,1.0,0.0,1.0,0.0,0.0,1.0,0.0
54,1.54,50,0.72,454.0,25.2,1.5,3,1,28.46,132,630.5555555555555,0.0,0.0,0.0,0.0,0.0,1.0,0.0
53,1.55,62,1.77,1107.0,19.7,2.7,4,3,26.81,132,625.4237288135594,0.0,1.0,0.0,0.0,0.0,1.0,0.0
41,1.57,53,1.04,576.0,25.9,2.4,4,2,26.33,113,553.8461538461538,0.0,1.0,0.0,0.0,0.0,1.0,0.0
48,1.66,71,0.74,433.0,33.0,1.8,3,1,18.98,103,585.1351351351351,0.0,0.0,0.0,1.0,0.0,0.0,0.0
23,1.55,73,1.38,911.0,34.0,1.9,4,2,23.6,106,660.144927536232,0.0,0.0,0.0,0.0,0.0,0.0,0.0
19,1.63,63,1.35,864.0,34.4,1.6,4,2,17.61,121,640.0,0.0,1.0,0.0,0.0,0.0,0.0,1.0
37,1.77,52,1.01,621.0,33.7,1.7,2,1,22.44,110,614.8514851485148,0.0,0.0,1.0,0.0,0.0,0.0,0.0
45,1.76,54,1.7,1102.0,11.4,3.5,4,3,26.08,129,648.2352941176471,1.0,0.0,0.0,1.0,0.0,1.0,0.0
28,1.5,56,1.94,1242.0,16.7,2.7,5,3,24.89,137,640.2061855670104,0.0,0.0,1.0,0.0,0.0,0.0,0.0
21,1.84,50,1.3,944.0,24.3,3.3,2,1,29.89,131,726.1538461538461,1.0,0.0,0.0,1.0,0.0,1.0,0.0
32,1.57,72,1.65,1378.0,15.7,2.7,4,3,22.96,98,835.1515151515152,0.0,1.0,0.0,0.0,0.0,0.0,0.0
23,1.75,61,0.82,594.0,25.2,2.1,3,1,13.36,106,724.3902439024391,0.0,0.0,0.0,1.0,0.0,0.0,1.0
47,1.65,60,0.77,598.0,28.7,3.5,2,1,46.94,138,776.6233766233767,1.0,0.0,0.0,0.0,1.0,0.0,0.0
55,1.76,73,1.28,927.0,30.5,2.0,2,1,15.92,121,724.21875,0.0,0.0,1.0,0.0,0.0,0.0,1.0
19,1.63,57,1.87,1234.0,18.0,2.7,5,3,24.2,140,659.8930481283422,0.0,0.0,0.0,0.0,0.0,0.0,0.0
32,1.62,74,1.18,1025.0,29.3,2.5,3,2,18.79,93,868.6440677966102,1.0,0.0,1.0,0.0,0.0,0.0,0.0
28,1.62,55,0.68,500.0,31.7,1.9,2,1,24.01,141,735.2941176470588,0.0,0.0,1.0,0.0,0.0,0.0,0.0
25,1.67,71,1.03,711.0,31.9,2.4,3,2,14.74,115,690.2912621359224,0.0,0.0,0.0,1.0,0.0,0.0,1.0
43,1.74,51,1.5,965.0,32.9,2.2,3,2,13.38,136,643.3333333333334,0.0,1.0,0.0,0.0,0.0,0.0,1.0
22,1.62,68,0.91,691.0,21.2,3.5,2,1,27.05,131,759.3406593406593,1.0,1.0,0.0,0.0,0.0,1.0,0.0
23,1.62,69,1.59,1336.0,16.8,2.7,5,3,23.21,124,840.251572327044,0.0,0.0,0.0,0.0,0.0,0.0,0.0
43,1.66,69,1.88,1117.0,19.8,2.7,4,3,23.48,122,594.1489361702128,0.0,0.0,0.0,1.0,0.0,0.0,0.0
21,1.71,73,1.07,706.0,34.2,2.2,3,2,17.44,101,659.8130841121495,0.0,1.0,0.0,0.0,0.0,0.0,1.0
36,1.77,63,1.65,1213.0,19.4,2.7,4,3,18.42,113,735.1515151515152,0.0,0.0,1.0,0.0,0.0,0.0,1.0
37,1.82,50,1.49,992.0,24.5,2.8,4,2,23.22,142,665.771812080537,1.0,0.0,1.0,0.0,0.0,0.0,0.0
50,1.77,59,1.85,1181.0,14.3,3.5,4,3,25.7,116,638.3783783783783,1.0,0.0,0.0,1.0,0.0,1.0,0.0
37,1.74,65,1.03,726.0,25.5,2.4,3,2,24.21,123,704.8543689320388,0.0,0.0,0.0,0.0,0.0,0.0,0.0
29,1.57,53,1.33,878.0,26.5,2.6,3,2,19.88,115,660.1503759398496,0.0,0.0,0.0,1.0,0.0,0.0,0.0
18,1.97,60,1.03,725.0,24.1,2.6,3,1,29.5,132,703.8834951456311,1.0,0.0,0.0,0.0,0.0,1.0,0.0
43,1.78,65,1.58,1189.0,12.4,3.5,5,3,25.56,123,752.5316455696202,1.0,0.0,0.0,1.0,0.0,1.0,0.0
31,1.76,69,1.22,811.0,27.6,1.8,4,2,17.27,103,664.7540983606558,0.0,0.0,1.0,0.0,0.0,0.0,1.0
55,1.68,50,0.77,637.0,23.6,3.0,3,1,18.46,130,827.2727272727273,1.0,0.0,0.0,1.0,0.0,0.0,1.0
54,1.52,65,0.76,475.0,26.6,2.1,2,1,30.34,115,625.0,0.0,1.0,0.0,0.0,1.0,0.0,0.0
28,1.78,68,1.29,951.0,24.9,3.7,4,2,27.43,96,737.2093023255813,1.0,1.0,0.0,0.0,0.0,1.0,0.0
53,1.76,70,1.09,815.0,27.9,2.8,3,2,23.7,99,747.7064220183486,1.0,0.0,0.0,1.0,0.0,0.0,0.0
30,1.66,71,1.32,1104.0,26.6,2.1,4,2,32.66,94,836.3636363636364,1.0,0.0,0.0,0.0,1.0,0.0,0.0
20,1.92,58,1.72,1287.0,10.5,3.5,5,3,23.25,114,748.2558139534884,1.0,0.0,0.0,0.0,0.0,0.0,0.0
50,1.55,58,0.73,470.0,29.9,2.7,2,1,29.3,102,643.8356164383562,0.0,0.0,1.0,0.0,0.0,1.0,0.0
23,1.71,58,1.15,942.0,27.0,3.4,3,2,19.73,121,819.1304347826087,1.0,0.0,1.0,0.0,0.0,0.0,0.0
27,1.76,66,0.68,494.0,25.3,2.3,3,1,24.44,101,726.470588235294,1.0,0.0,0.0,0.0,0.0,0.0,0.0
22,1.52,61,1.83,1519.0,17.0,2.7,5,3,26.75,108,830.0546448087431,0.0,0.0,0.0,1.0,0.0,1.0,0.0
40,1.76,74,1.63,1497.0,13.1,3.5,5,3,25.92,94,918.4049079754602,1.0,0.0,1.0,0.0,0.0,1.0,0.0
27,1.68,62,1.28,950.0,29.7,3.5,3,2,36.95,100,742.1875,1.0,0.0,0.0,0.0,1.0,0.0,0.0
19,1.58,57,1.46,883.0,25.9,1.9,3,2,26.32,113,604.7945205479452,0.0,0.0,0.0,0.0,0.0,1.0,0.0
30,1.96,65,0.66,494.0,23.9,2.6,2,1,31.32,106,748.4848484848485,1.0,0.0,0.0,1.0,1.0,0.0,0.0
57,1.57,67,1.05,713.0,29.1,2.6,3,2,21.06,102,679.047619047619,0.0,1.0,0.0,0.0,0.0,0.0,0.0
19,1.57,50,1.65,1336.0,17.9,2.7,5,3,23.98,134,809.6969696969697,0.0,0.0,0.0,0.0,0.0,0.0,0.0
37,1.75,50,1.38,876.0,26.5,2.1,4,2,21.84,134,634.7826086956522,0.0,0.0,1.0,0.0,0.0,0.0,0.0
18,1.75,61,0.94,573.0,26.8,1.7,2,1,21.84,109,609.5744680851064,0.0,0.0,0.0,1.0,0.0,0.0,0.0
54,1.66,55,1.42,921.0,22.9,2.6,3,2,28.56,140,648.5915492957747,1.0,0.0,0.0,1.0,0.0,1.0,0.0
26,1.61,58,1.88,1307.0,19.8,2.7,4,3,24.07,140,695.2127659574469,0.0,0.0,0.0,1.0,0.0,0.0,0.0
34,1.71,72,0.96,713.0,27.3,3.2,2,1,34.92,113,742.7083333333334,1.0,1.0,0.0,0.0,1.0,0.0,0.0
26,2.0,54,0.75,549.0,26.6,2.3,2,1,12.97,119,732.0,1.0,1.0,0.0,0.0,0.0,0.0,1.0
28,2.0,65,1.32,980.0,28.2,3.0,4,2,14.57,133,742.4242424242424,1.0,0.0,1.0,0.0,0.0,0.0,1.0
32,1.92,67,1.93,1783.0,10.6,3.5,4,3,24.36,132,923.8341968911917,1.0,0.0,1.0,0.0,0.0,0.0,0.0
41,1.83,66,0.79,634.0,28.6,3.2,2,1,30.19,94,802.5316455696202,1.0,0.0,0.0,1.0,1.0,0.0,0.0
55,1.72,67,0.77,640.0,25.9,2.6,3,1,40.09,96,831.1688311688312,1.0,0.0,1.0,0.0,1.0,0.0,0.0
52,1.85,50,1.19,895.0,23.4,3.2,2,1,24.78,139,752.1008403361345,1.0,0.0,0.0,0.0,0.0,0.0,0.0
47,1.77,68,0.72,531.0,28.2,3.5,3,1,25.54,103,737.5,1.0,1.0,0.0,0.0,0.0,1.0,0.0
48,1.83,71,1.05,681.0,28.0,2.8,4,2,21.83,123,648.5714285714286,1.0,0.0,0.0,1.0,0.0,0.0,0.0
22,1.68,57,1.24,914.0,28.5,2.7,3,2,41.56,115,737.0967741935484,1.0,0.0,0.0,1.0,1.0,0.0,0.0
31,1.71,52,1.26,863.0,26.2,1.8,4,2,26.47,138,684.9206349206349,0.0,0.0,0.0,0.0,0.0,1.0,0.0
28,1.67,74,1.13,831.0,34.7,2.2,3,2,26.14,123,735.3982300884957,0.0,0.0,0.0,0.0,0.0,1.0,0.0
26,1.5,54,1.15,816.0,34.6,2.6,2,1,31.64,128,709.5652173913044,0.0,0.0,0.0,0.0,1.0,0.0,0.0
51,1.62,72,1.56,1027.0,11.8,3.5,4,3,33.61,91,658.3333333333333,1.0,0.0,0.0,0.0,1.0,0.0,0.0
29,1.8,57,1.31,976.0,25.7,1.9,4,2,23.33,118,745.0381679389312,0.0,0.0,0.0,1.0,0.0,0.0,0.0
52,1.56,68,1.66,1135.0,15.8,2.7,4,3,23.79,98,683.7349397590361,0.0,1.0,0.0,0.0,0.0,0.0,0.0
52,1.58,67,1.02,753.0,34.9,2.0,3,2,28.28,114,738.2352941176471,0.0,1.0,0.0,0.0,0.0,1.0,0.0
18,1.64,67,0.94,693.0,25.6,2.7,3,1,44.1,121,737.2340425531916,1.0,0.0,0.0,0.0,1.0,0.0,0.0
57,1.99,70,1.13,705.0,23.6,3.0,3,2,14.07,100,623.8938053097346,1.0,0.0,1.0,0.0,0.0,0.0,1.0
39,1.94,50,0.89,656.0,22.9,2.4,3,1,27.18,142,737.0786516853932,1.0,0.0,0.0,1.0,0.0,1.0,0.0
46,1.87,64,1.31,1044.0,22.6,3.4,4,2,20.76,124,796.9465648854962,1.0,1.0,0.0,0.0,0.0,0.0,0.0
25,1.68,67,0.95,784.0,31.6,1.9,2,1,22.6,131,825.2631578947369,0.0,0.0,0.0,0.0,0.0,0.0,0.0
28,1.67,74,0.61,479.0,29.2,2.3,3,1,24.13,97,785.2459016393443,0.0,0.0,1.0,0.0,0.0,0.0,0.0
58,1.58,56,1.97,1463.0,19.8,2.7,4,3,23.75,110,742.6395939086294,0.0,0.0,1.0,0.0,0.0,0.0,0.0
54,1.57,65,1.14,836.0,31.8,2.1,3,1,28.68,133,733.3333333333334,0.0,0.0,0.0,0.0,0.0,1.0,0.0
31,1.69,65,1.72,1230.0,14.0,3.5,4,3,30.43,120,715.1162790697674,1.0,0.0,0.0,1.0,1.0,0.0,0.0
47,1.9,64,0.76,557.0,22.9,3.0,3,1,27.2,135,732.8947368421052,1.0,1.0,0.0,0.0,0.0,1.0,0.0
52,1.62,55,1.3,965.0,20.8,2.3,4,2,24.23,113,742.3076923076923,1.0,0.0,1.0,0.0,0.0,0.0,0.0
38,1.68,58,1.01,727.0,29.9,2.4,3,2,16.01,135,719.8019801980198,0.0,1.0,0.0,0.0,0.0,0.0,1.0
54,1.62,56,1.04,736.0,23.1,2.3,4,2,44.66,116,707.6923076923076,1.0,1.0,0.0,0.0,1.0,0.0,0.0
22,1.74,63,1.34,1017.0,22.0,2.2,2,1,35.47,132,758.9552238805969,1.0,0.0,1.0,0.0,1.0,0.0,0.0
36,1.78,60,0.85,514.0,34.5,2.2,2,1,18.65,124,604.7058823529412,0.0,0.0,0.0,0.0,0.0,0.0,0.0
31,1.64,70,0.57,402.0,29.4,2.4,3,1,19.82,113,705.2631578947369,0.0,0.0,1.0,0.0,0.0,0.0,0.0
43,1.63,65,1.18,812.0,21.7,2.1,2,1,17.39,111,688.135593220339,1.0,0.0,1.0,0.0,0.0,0.0,1.0
21,1.61,74,1.32,1104.0,22.0,2.1,3,2,25.85,87,836.3636363636364,1.0,0.0,0.0,1.0,0.0,1.0,0.0
42,1.77,55,1.77,1113.0,11.4,3.5,4,3,27.55,117,628.8135593220339,1.0,1.0,0.0,0.0,0.0,1.0,0.0
59,1.67,71,1.99,1418.0,15.0,3.5,5,3,30.66,119,712.5628140703518,1.0,0.0,0.0,0.0,1.0,0.0,0.0
42,1.87,65,1.38,1127.0,22.7,3.4,3,2,20.07,123,816.6666666666667,1.0,1.0,0.0,0.0,0.0,0.0,0.0
35,1.62,69,1.02,718.0,23.3,3.4,4,2,48.43,118,703.9215686274509,1.0,0.0,1.0,0.0,1.0,0.0,0.0
57,1.67,65,1.05,723.0,31.6,1.8,3,2,27.11,121,688.5714285714286,0.0,0.0,0.0,0.0,0.0,1.0,0.0
25,1.65,61,1.2,852.0,27.9,2.2,3,1,22.99,113,710.0,0.0,0.0,0.0,0.0,0.0,0.0,0.0
56,1.53,66,1.91,1066.0,16.1,2.7,5,3,23.79,124,558.1151832460733,0.0,0.0,0.0,0.0,0.0,0.0,0.0
57,1.74,54,1.21,862.0,21.6,2.8,3,2,31.74,145,712.3966942148761,1.0,0.0,0.0,0.0,1.0,0.0,0.0
31,1.62,74,1.39,883.0,28.1,2.3,4,2,29.23,100,635.2517985611511,0.0,0.0,0.0,1.0,0.0,1.0,0.0
49,1.89,62,1.14,762.0,21.1,3.5,2,1,16.01,130,668.421052631579,1.0,0.0,0.0,0.0,0.0,0.0,1.0
55,1.81,57,1.2,992.0,20.2,2.1,4,2,21.34,122,826.6666666666667,1.0,0.0,1.0,0.0,0.0,0.0,0.0
50,1.77,73,1.03,760.0,33.0,2.4,3,2,21.67,98,737.8640776699029,0.0,0.0,0.0,1.0,0.0,0.0,0.0
40,1.87,54,1.96,1445.0,10.7,3.5,5,3,25.14,142,737.2448979591837,1.0,0.0,1.0,0.0,0.0,1.0,0.0
32,1.98,61,1.24,818.0,27.8,2.8,3,2,26.22,107,659.6774193548387,1.0,0.0,1.0,0.0,0.0,1.0,0.0
50,1.5,58,1.32,838.0,33.0,2.2,3,1,23.02,124,634.8484848484849,0.0,1.0,0.0,0.0,0.0,0.0,0.0
42,1.57,52,1.83,1005.0,17.7,2.7,4,3,23.41,115,549.1803278688525,0.0,0.0,0.0,0.0,0.0,0.0,0.0
34,1.69,52,0.81,636.0,28.1,2.3,3,1,23.28,139,785.1851851851851,0.0,0.0,0.0,0.0,0.0,0.0,0.0
50,1.61,50,1.16,764.0,21.5,3.6,4,2,36.8,123,658.6206896551724,1.0,0.0,1.0,0.0,1.0,0.0,0.0
19,1.6,74,1.17,907.0,32.4,1.6,3,1,27.03,112,775.2136752136753,0.0,0.0,0.0,0.0,0.0,1.0,0.0
31,1.67,71,1.02,699.0,31.0,1.5,4,2,23.88,113,685.2941176470588,0.0,0.0,0.0,1.0,0.0,0.0,0.0
57,1.65,67,1.57,1290.0,13.3,3.5,4,3,30.63,105,821.656050955414,1.0,1.0,0.0,0.0,1.0,0.0,0.0
57,1.75,73,1.39,1001.0,25.1,1.7,2,1,14.3,107,720.1438848920864,0.0,0.0,0.0,0.0,0.0,0.0,1.0
56,1.69,61,1.99,1227.0,19.6,2.7,5,3,22.48,129,616.5829145728643,0.0,0.0,0.0,0.0,0.0,0.0,0.0
23,1.62,58,0.58,354.0,25.7,2.7,2,1,16.8,138,610.344827586207,0.0,0.0,0.0,1.0,0.0,0.0,1.0
23,1.91,58,1.87,1327.0,11.8,3.5,5,3,23.93,106,709.6256684491979,1.0,1.0,0.0,0.0,0.0,0.0,0.0
20,1.6,67,1.12,1035.0,24.0,3.2,4,2,21.48,105,924.1071428571428,1.0,0.0,0.0,1.0,0.0,0.0,0.0
24,1.74,67,1.57,1364.0,10.0,3.5,4,3,28.77,120,868.7898089171974,1.0,0.0,1.0,0.0,0.0,1.0,0.0
25,1.61,56,1.38,1260.0,25.0,3.0,2,1,25.69,128,913.0434782608696,1.0,0.0,1.0,0.0,0.0,1.0,0.0
59,1.76,53,1.72,929.0,18.8,2.7,5,3,19.5,141,540.1162790697674,0.0,0.0,0.0,0.0,0.0,0.0,0.0
32,1.83,62,1.1,883.0,28.2,2.1,3,2,37.74,136,802.7272727272726,1.0,1.0,0.0,0.0,1.0,0.0,0.0
46,1.63,66,0.75,542.0,28.8,3.5,2,1,33.38,100,722.6666666666666,1.0,0.0,1.0,0.0,1.0,0.0,0.0
